User name,Event time,Event name,Source IP address,Error code,Resources,Event type,Event category,Hour_of_Day,Time_of_Day_Bucket,Is_Root_Account,Is_High_Risk_Action,Is_Console_Login,Is_Security_Error,Risk_Score,Risk_Level,Risk_Sort
root,2026-06-19 13:26:02+00:00,AttachUserPolicy,99.237.32.xxx,,"[{""resourceType"":""AWS::IAM::User"",""resourceName"":""soc-admin""},{""resourceType"":""AWS::IAM::Policy"",""resourceName"":""arn:aws:iam::aws:policy/AdministratorAccess""}]",AwsApiCall,Management,13,Afternoon,True,True,False,False,12,High,2
root,2026-06-19 13:24:26+00:00,RemoveUserFromGroup,99.237.32.xxx,,"[{""resourceType"":""AWS::IAM::User"",""resourceName"":""soc-admin""},{""resourceType"":""AWS::IAM::Group"",""resourceName"":""admin-group""}]",AwsApiCall,Management,13,Afternoon,True,False,False,False,5,Medium,3
root,2026-06-19 13:22:52+00:00,EnableMFADevice,99.237.32.xxx,,"[{""resourceType"":""AWS::IAM::User"",""resourceName"":""soc-admin""},{""resourceType"":""AWS::IAM::MfaDevice"",""resourceName"":""arn:aws:iam::xxxxxxxxxxxx:mfa/MyMFA""}]",AwsApiCall,Management,13,Afternoon,True,False,False,False,5,Medium,3
root,2026-06-19 13:20:06+00:00,CreateVirtualMFADevice,99.237.32.xxx,,"[{""resourceType"":""AWS::IAM::MfaDevice"",""resourceName"":""arn:aws:iam::xxxxxxxxxxxx:mfa/MyMFA""},{""resourceType"":""AWS::IAM::MfaDevice"",""resourceName"":""MyMFA""}]",AwsApiCall,Management,13,Afternoon,True,True,False,False,12,High,2
root,2026-06-19 13:06:52+00:00,ConsoleLogin,99.237.32.xxx,,[],AwsConsoleSignIn,Management,13,Afternoon,True,False,True,False,5,Medium,3
root,2026-06-15 06:11:10+00:00,ConsoleLogin,99.237.32.xxx,,[],AwsConsoleSignIn,Management,6,Morning,True,False,True,False,5,Medium,3
root,2026-06-06 04:40:43+00:00,StopInstances,99.237.32.xxx,,"[{""resourceType"":""AWS::EC2::Instance"",""resourceName"":""i-xxxxxxxx""}]",AwsApiCall,Management,4,Outside-Hours,True,True,False,False,14,Critical,1
root,2026-06-06 02:34:56+00:00,StartInstances,99.237.32.xxx,,"[{""resourceType"":""AWS::EC2::Instance"",""resourceName"":""i-xxxxxxxx""}]",AwsApiCall,Management,2,Outside-Hours,True,True,False,False,14,Critical,1
root,2026-06-06 01:49:55+00:00,CreateAccessKey,99.237.32.xxx,,"[{""resourceType"":""AWS::IAM::AccessKey"",""resourceName"":""AKIAxxxxxxxxxxxxxxxx""},{""resourceType"":""AWS::IAM::User"",""resourceName"":""security-reader""}]",AwsApiCall,Management,1,Outside-Hours,True,True,False,False,14,Critical,1
root,2026-06-06 01:47:25+00:00,AttachUserPolicy,99.237.32.xxx,,"[{""resourceType"":""AWS::IAM::User"",""resourceName"":""security-reader""},{""resourceType"":""AWS::IAM::Policy"",""resourceName"":""arn:aws:iam::aws:policy/SecurityAudit""}]",AwsApiCall,Management,1,Outside-Hours,True,True,False,False,14,Critical,1
root,2026-06-06 01:47:24+00:00,AttachUserPolicy,99.237.32.xxx,,"[{""resourceType"":""AWS::IAM::User"",""resourceName"":""security-reader""},{""resourceType"":""AWS::IAM::Policy"",""resourceName"":""arn:aws:iam::aws:policy/AWSCloudTrail_ReadOnlyAccess""}]",AwsApiCall,Management,1,Outside-Hours,True,True,False,False,14,Critical,1
root,2026-06-06 01:47:24+00:00,CreateUser,99.237.32.xxx,,"[{""resourceType"":""AWS::IAM::User"",""resourceName"":""AIDAxxxxxxxxxxxxxxxx""},{""resourceType"":""AWS::IAM::User"",""resourceName"":""arn:aws:iam::xxxxxxxxxxxx:user/security-reader""},{""resourceType"":""AWS::IAM::User"",""resourceName"":""security-reader""}]",AwsApiCall,Management,1,Outside-Hours,True,False,False,False,7,Medium,3
root,2026-06-06 01:47:24+00:00,AttachUserPolicy,99.237.32.xxx,,"[{""resourceType"":""AWS::IAM::User"",""resourceName"":""security-reader""},{""resourceType"":""AWS::IAM::Policy"",""resourceName"":""arn:aws:iam::aws:policy/CloudWatchReadOnlyAccess""}]",AwsApiCall,Management,1,Outside-Hours,True,True,False,False,14,Critical,1
root,2026-06-05 17:03:38+00:00,ConsoleLogin,99.237.32.xxx,,[],AwsConsoleSignIn,Management,17,Night,True,False,True,False,5,Medium,3
root,2026-06-05 17:00:20+00:00,UpdateAccountEmailAddress,AWS Internal,,[],AwsApiCall,Management,17,Night,True,False,False,False,5,Medium,3
root,2026-06-05 17:00:19+00:00,EmailUpdated,99.237.32.xxx,,[],AwsConsoleSignIn,Management,17,Night,True,False,False,False,5,Medium,3
root,2026-06-05 16:51:44+00:00,ConsoleLogin,99.237.32.xxx,,[],AwsConsoleSignIn,Management,16,Afternoon,True,False,True,False,5,Medium,3
root,2026-06-05 03:07:27+00:00,StopInstances,99.237.32.xxx,,"[{""resourceType"":""AWS::EC2::Instance"",""resourceName"":""i-xxxxxxxx""}]",AwsApiCall,Management,3,Outside-Hours,True,True,False,False,14,Critical,1
root,2026-06-05 03:03:19+00:00,StopInstances,99.237.32.xxx,,"[{""resourceType"":""AWS::EC2::Instance"",""resourceName"":""i-xxxxxxxx""}]",AwsApiCall,Management,3,Outside-Hours,True,True,False,False,14,Critical,1
root,2026-06-05 03:02:49+00:00,ConsoleLogin,99.237.32.xxx,,[],AwsConsoleSignIn,Management,3,Outside-Hours,True,False,True,False,7,Medium,3
root,2026-06-04 13:32:24+00:00,StartInstances,99.237.32.xxx,,"[{""resourceType"":""AWS::EC2::Instance"",""resourceName"":""i-xxxxxxxx""}]",AwsApiCall,Management,13,Afternoon,True,True,False,False,12,High,2
root,2026-06-04 13:32:07+00:00,StartInstances,99.237.32.xxx,,"[{""resourceType"":""AWS::EC2::Instance"",""resourceName"":""i-xxxxxxxx""}]",AwsApiCall,Management,13,Afternoon,True,True,False,False,12,High,2
root,2026-06-04 13:29:42+00:00,ConsoleLogin,99.237.32.xxx,,[],AwsConsoleSignIn,Management,13,Afternoon,True,False,True,False,5,Medium,3
root,2026-06-04 13:29:19+00:00,ConsoleLogin,99.237.32.xxx,,[],AwsConsoleSignIn,Management,13,Afternoon,True,False,True,False,5,Medium,3
root,2026-06-01 21:20:14+00:00,ConsoleLogin,99.237.32.xxx,,[],AwsConsoleSignIn,Management,21,Outside-Hours,True,False,True,False,7,Medium,3
root,2026-05-22 06:20:55+00:00,StopInstances,99.237.32.xxx,,"[{""resourceType"":""AWS::EC2::Instance"",""resourceName"":""i-xxxxxxxx""}]",AwsApiCall,Management,6,Morning,True,True,False,False,12,High,2
root,2026-05-22 06:07:12+00:00,StopInstances,99.237.32.xxx,,"[{""resourceType"":""AWS::EC2::Instance"",""resourceName"":""i-xxxxxxxx""}]",AwsApiCall,Management,6,Morning,True,True,False,False,12,High,2
root,2026-05-22 06:06:44+00:00,StopInstances,99.237.32.xxx,,"[{""resourceType"":""AWS::EC2::Instance"",""resourceName"":""i-xxxxxxxx""}]",AwsApiCall,Management,6,Morning,True,True,False,False,12,High,2
root,2026-05-22 05:43:16+00:00,ConsoleLogin,99.237.32.xxx,,[],AwsConsoleSignIn,Management,5,Outside-Hours,True,False,True,False,7,Medium,3
root,2026-05-22 05:22:52+00:00,StartInstances,99.237.32.xxx,,"[{""resourceType"":""AWS::EC2::Instance"",""resourceName"":""i-xxxxxxxx""}]",AwsApiCall,Management,5,Outside-Hours,True,True,False,False,14,Critical,1
root,2026-05-21 22:04:51+00:00,StartInstances,99.237.32.xxx,,"[{""resourceType"":""AWS::EC2::Instance"",""resourceName"":""i-xxxxxxxx""}]",AwsApiCall,Management,22,Outside-Hours,True,True,False,False,14,Critical,1
root,2026-05-21 17:33:42+00:00,StartInstances,99.237.32.xxx,,"[{""resourceType"":""AWS::EC2::Instance"",""resourceName"":""i-xxxxxxxx""}]",AwsApiCall,Management,17,Night,True,True,False,False,12,High,2
root,2026-05-21 17:33:08+00:00,ConsoleLogin,99.237.32.xxx,,[],AwsConsoleSignIn,Management,17,Night,True,False,True,False,5,Medium,3
root,2026-05-21 17:32:37+00:00,ConsoleLogin,99.237.32.xxx,,[],AwsConsoleSignIn,Management,17,Night,True,False,True,False,5,Medium,3
root,2026-05-14 03:10:16+00:00,StopInstances,99.237.32.xxx,,"[{""resourceType"":""AWS::EC2::Instance"",""resourceName"":""i-xxxxxxxx""}]",AwsApiCall,Management,3,Outside-Hours,True,True,False,False,14,Critical,1
vpc-flow-logging+xxxxxxxxxxxx,2026-05-13 23:27:16+00:00,CreateLogStream,vpc-flow-logs.amazonaws.com,,[],AwsApiCall,Management,23,Outside-Hours,False,False,False,False,2,Low,4
ec2-instance,2026-05-13 23:22:55+00:00,RegisterManagedInstance,44.195.2.xxx,,[],AwsApiCall,Management,23,Outside-Hours,False,False,False,False,2,Low,4
,2026-05-13 23:21:47+00:00,SharedSnapshotVolumeCreated,ec2.amazonaws.com,,[],AwsServiceEvent,Management,23,Outside-Hours,False,False,False,False,2,Low,4
root,2026-05-13 23:21:44+00:00,RunInstances,99.237.32.xxx,,"[{""resourceType"":""AWS::EC2::Snapshot"",""resourceName"":""snap-08f61f1d69ca25dd6""},{""resourceType"":""AWS::EC2::VPC"",""resourceName"":""vpc-05a301f942540bea6""},{""resourceType"":""AWS::EC2::Ami"",""resourceName"":""ami-05cf1e9f73fbad2e2""},{""resourceType"":""AWS::EC2::NetworkInterface"",""resourceName"":""eni-03e4f8c3fbc0fb261""},{""resourceType"":""AWS::EC2::Instance"",""resourceName"":""i-xxxxxxxx""},{""resourceType"":""AWS::EC2::KeyPair"",""resourceName"":""SOC-key""},{""resourceType"":""AWS::EC2::SecurityGroup"",""resourceName"":""sg-xxxxxxxx""},{""resourceType"":""AWS::EC2::SecurityGroup"",""resourceName"":""splunk-sg""},{""resourceType"":""AWS::EC2::Subnet"",""resourceName"":""subnet-0d31a72702597ffd6""}]",AwsApiCall,Management,23,Outside-Hours,True,False,False,False,7,Medium,3
soc-auto-block,2026-05-13 22:54:54+00:00,CreateLogStream,98.87.15.xxx,,[],AwsApiCall,Management,22,Outside-Hours,False,False,False,False,2,Low,4
soc-auto-block,2026-05-13 22:54:53+00:00,RevokeSecurityGroupIngress,98.87.15.xxx,Client.InvalidPermission.NotFound,"[{""resourceType"":""AWS::EC2::SecurityGroup"",""resourceName"":""sg-xxxxxxxx""}]",AwsApiCall,Management,22,Outside-Hours,False,False,False,False,2,Low,4
root,2026-05-13 22:54:48+00:00,AuthorizeSecurityGroupIngress,99.237.32.xxx,,"[{""resourceType"":""AWS::EC2::SecurityGroup"",""resourceName"":""sg-xxxxxxxx""}]",AwsApiCall,Management,22,Outside-Hours,True,True,False,False,14,Critical,1
root,2026-05-13 22:54:48+00:00,CreateSecurityGroup,99.237.32.xxx,,"[{""resourceType"":""AWS::EC2::VPC"",""resourceName"":""vpc-05a301f942540bea6""},{""resourceType"":""AWS::EC2::SecurityGroup"",""resourceName"":""sg-xxxxxxxx""},{""resourceType"":""AWS::EC2::SecurityGroup"",""resourceName"":""splunk-sg""}]",AwsApiCall,Management,22,Outside-Hours,True,False,False,False,7,Medium,3
root,2026-05-13 17:53:18+00:00,ConsoleLogin,99.237.32.xxx,,[],AwsConsoleSignIn,Management,17,Night,True,False,True,False,5,Medium,3
root,2026-05-11 05:59:01+00:00,DetachUserPolicy,99.237.32.xxx,,"[{""resourceType"":""AWS::IAM::User"",""resourceName"":""soc-admin""},{""resourceType"":""AWS::IAM::Policy"",""resourceName"":""arn:aws:iam::aws:policy/AmazonEC2FullAccess""}]",AwsApiCall,Management,5,Outside-Hours,True,False,False,False,7,Medium,3
root,2026-05-11 05:59:01+00:00,DetachUserPolicy,99.237.32.xxx,,"[{""resourceType"":""AWS::IAM::User"",""resourceName"":""soc-admin""},{""resourceType"":""AWS::IAM::Policy"",""resourceName"":""arn:aws:iam::aws:policy/CloudWatchFullAccess""}]",AwsApiCall,Management,5,Outside-Hours,True,False,False,False,7,Medium,3
root,2026-05-11 05:59:01+00:00,RemoveUserFromGroup,99.237.32.xxx,,"[{""resourceType"":""AWS::IAM::User"",""resourceName"":""soc-admin""},{""resourceType"":""AWS::IAM::Group"",""resourceName"":""admin-group""}]",AwsApiCall,Management,5,Outside-Hours,True,False,False,False,7,Medium,3
root,2026-05-11 05:59:01+00:00,DetachUserPolicy,99.237.32.xxx,,"[{""resourceType"":""AWS::IAM::User"",""resourceName"":""soc-admin""},{""resourceType"":""AWS::IAM::Policy"",""resourceName"":""arn:aws:iam::aws:policy/EC2InstanceConnect""}]",AwsApiCall,Management,5,Outside-Hours,True,False,False,False,7,Medium,3
root,2026-05-11 05:59:01+00:00,DetachUserPolicy,99.237.32.xxx,,"[{""resourceType"":""AWS::IAM::User"",""resourceName"":""soc-admin""},{""resourceType"":""AWS::IAM::Policy"",""resourceName"":""arn:aws:iam::aws:policy/AWSCloudTrail_FullAccess""}]",AwsApiCall,Management,5,Outside-Hours,True,False,False,False,7,Medium,3
root,2026-05-11 05:59:01+00:00,DeleteUser,99.237.32.xxx,,"[{""resourceType"":""AWS::IAM::User"",""resourceName"":""soc-admin""}]",AwsApiCall,Management,5,Outside-Hours,True,False,False,False,7,Medium,3
root,2026-05-11 05:59:01+00:00,DetachUserPolicy,99.237.32.xxx,,"[{""resourceType"":""AWS::IAM::User"",""resourceName"":""soc-admin""},{""resourceType"":""AWS::IAM::Policy"",""resourceName"":""arn:aws:iam::aws:policy/AmazonSNSFullAccess""}]",AwsApiCall,Management,5,Outside-Hours,True,False,False,False,7,Medium,3
root,2026-05-11 05:59:01+00:00,DetachUserPolicy,99.237.32.xxx,,"[{""resourceType"":""AWS::IAM::User"",""resourceName"":""soc-admin""},{""resourceType"":""AWS::IAM::Policy"",""resourceName"":""arn:aws:iam::aws:policy/AmazonGuardDutyFullAccess""}]",AwsApiCall,Management,5,Outside-Hours,True,False,False,False,7,Medium,3
root,2026-05-11 05:59:01+00:00,DetachUserPolicy,99.237.32.xxx,,"[{""resourceType"":""AWS::IAM::User"",""resourceName"":""soc-admin""},{""resourceType"":""AWS::IAM::Policy"",""resourceName"":""arn:aws:iam::aws:policy/AmazonSSMManagedInstanceCore""}]",AwsApiCall,Management,5,Outside-Hours,True,False,False,False,7,Medium,3
root,2026-05-11 05:59:00+00:00,DeleteLoginProfile,99.237.32.xxx,,"[{""resourceType"":""AWS::IAM::User"",""resourceName"":""soc-admin""}]",AwsApiCall,Management,5,Outside-Hours,True,False,False,False,7,Medium,3
root,2026-05-11 05:55:59+00:00,ConsoleLogin,99.237.32.xxx,,[],AwsConsoleSignIn,Management,5,Outside-Hours,True,False,True,False,7,Medium,3
root,2026-05-04 20:39:06+00:00,ConsoleLogin,99.237.32.xxx,,[],AwsConsoleSignIn,Management,20,Night,True,False,True,False,5,Medium,3
root,2026-04-24 23:02:47+00:00,ConsoleLogin,99.237.32.xxx,,[],AwsConsoleSignIn,Management,23,Outside-Hours,True,False,True,False,7,Medium,3
root,2026-04-24 22:02:57+00:00,ConsoleLogin,99.237.32.xxx,,[],AwsConsoleSignIn,Management,22,Outside-Hours,True,False,True,False,7,Medium,3
root,2026-04-24 17:21:25+00:00,PutMetricFilter,99.237.32.xxx,,[],AwsApiCall,Management,17,Night,True,False,False,False,5,Medium,3
root,2026-04-24 17:12:33+00:00,PutMetricAlarm,99.237.32.xxx,,"[{""resourceType"":""AWS::CloudWatch::Alarm"",""resourceName"":""SSHBruteForceAlarm""}]",AwsApiCall,Management,17,Night,True,False,False,False,5,Medium,3
root,2026-04-24 17:06:58+00:00,ConsoleLogin,99.237.32.xxx,,[],AwsConsoleSignIn,Management,17,Night,True,False,True,False,5,Medium,3
root,2026-04-22 02:51:14+00:00,ConsoleLogin,99.237.32.xxx,,[],AwsConsoleSignIn,Management,2,Outside-Hours,True,False,True,False,7,Medium,3
root,2026-04-21 06:24:45+00:00,StopInstances,99.237.32.xxx,,"[{""resourceType"":""AWS::EC2::Instance"",""resourceName"":""i-xxxxxxxx""}]",AwsApiCall,Management,6,Morning,True,True,False,False,12,High,2
root,2026-04-21 06:24:32+00:00,StopInstances,99.237.32.xxx,,"[{""resourceType"":""AWS::EC2::Instance"",""resourceName"":""i-xxxxxxxx""}]",AwsApiCall,Management,6,Morning,True,True,False,False,12,High,2
soc-auto-block,2026-04-21 03:38:53+00:00,CreateLogStream,100.54.16.xxx,,[],AwsApiCall,Management,3,Outside-Hours,False,False,False,False,2,Low,4
soc-auto-block,2026-04-21 03:38:50+00:00,RevokeSecurityGroupIngress,100.54.16.xxx,Client.InvalidPermission.NotFound,"[{""resourceType"":""AWS::EC2::SecurityGroup"",""resourceName"":""sg-xxxxxxxx""}]",AwsApiCall,Management,3,Outside-Hours,False,False,False,False,2,Low,4
root,2026-04-21 03:38:45+00:00,AuthorizeSecurityGroupIngress,99.237.32.xxx,,"[{""resourceType"":""AWS::EC2::SecurityGroup"",""resourceName"":""sg-xxxxxxxx""}]",AwsApiCall,Management,3,Outside-Hours,True,True,False,False,14,Critical,1
root,2026-04-21 02:22:00+00:00,StartInstances,99.237.32.xxx,,"[{""resourceType"":""AWS::EC2::Instance"",""resourceName"":""i-xxxxxxxx""}]",AwsApiCall,Management,2,Outside-Hours,True,True,False,False,14,Critical,1
root,2026-04-21 02:21:41+00:00,StartInstances,99.237.32.xxx,,"[{""resourceType"":""AWS::EC2::Instance"",""resourceName"":""i-xxxxxxxx""}]",AwsApiCall,Management,2,Outside-Hours,True,True,False,False,14,Critical,1
root,2026-04-21 02:21:19+00:00,ConsoleLogin,99.237.32.xxx,,[],AwsConsoleSignIn,Management,2,Outside-Hours,True,False,True,False,7,Medium,3
root,2026-04-19 04:33:10+00:00,StopInstances,99.237.32.xxx,,"[{""resourceType"":""AWS::EC2::Instance"",""resourceName"":""i-xxxxxxxx""}]",AwsApiCall,Management,4,Outside-Hours,True,True,False,False,14,Critical,1
root,2026-04-19 04:32:59+00:00,StopInstances,99.237.32.xxx,,"[{""resourceType"":""AWS::EC2::Instance"",""resourceName"":""i-xxxxxxxx""}]",AwsApiCall,Management,4,Outside-Hours,True,True,False,False,14,Critical,1
root,2026-04-19 04:32:36+00:00,ConsoleLogin,99.237.32.xxx,,[],AwsConsoleSignIn,Management,4,Outside-Hours,True,False,True,False,7,Medium,3
root,2026-04-19 00:06:37+00:00,PutMetricAlarm,99.237.32.xxx,,"[{""resourceType"":""AWS::CloudWatch::Alarm"",""resourceName"":""SYNFloodAlarm""}]",AwsApiCall,Management,0,Outside-Hours,True,False,False,False,7,Medium,3
root,2026-04-18 23:57:20+00:00,PutMetricAlarm,99.237.32.xxx,,"[{""resourceType"":""AWS::CloudWatch::Alarm"",""resourceName"":""SYNFloodAlarm""}]",AwsApiCall,Management,23,Outside-Hours,True,False,False,False,7,Medium,3
soc-auto-block,2026-04-18 22:18:45+00:00,CreateLogStream,204.236.195.xxx,,[],AwsApiCall,Management,22,Outside-Hours,False,False,False,False,2,Low,4
soc-auto-block,2026-04-18 22:18:37+00:00,RevokeSecurityGroupIngress,204.236.195.xxx,,"[{""resourceType"":""AWS::EC2::SecurityGroup"",""resourceName"":""sg-xxxxxxxx""}]",AwsApiCall,Management,22,Outside-Hours,False,False,False,False,2,Low,4
root,2026-04-18 22:18:32+00:00,AuthorizeSecurityGroupIngress,99.237.32.xxx,,"[{""resourceType"":""AWS::EC2::SecurityGroup"",""resourceName"":""sg-xxxxxxxx""}]",AwsApiCall,Management,22,Outside-Hours,True,True,False,False,14,Critical,1
soc-auto-block,2026-04-18 21:47:33+00:00,CreateLogStream,54.224.5.xxx,,[],AwsApiCall,Management,21,Outside-Hours,False,False,False,False,2,Low,4
soc-auto-block,2026-04-18 21:47:32+00:00,RevokeSecurityGroupIngress,54.224.5.xxx,,"[{""resourceType"":""AWS::EC2::SecurityGroup"",""resourceName"":""sg-xxxxxxxx""}]",AwsApiCall,Management,21,Outside-Hours,False,False,False,False,2,Low,4
root,2026-04-18 21:47:28+00:00,AuthorizeSecurityGroupIngress,99.237.32.xxx,,"[{""resourceType"":""AWS::EC2::SecurityGroup"",""resourceName"":""sg-xxxxxxxx""}]",AwsApiCall,Management,21,Outside-Hours,True,True,False,False,14,Critical,1
root,2026-04-18 21:37:08+00:00,PutTargets,99.237.32.xxx,,[],AwsApiCall,Management,21,Outside-Hours,True,False,False,False,7,Medium,3
root,2026-04-18 21:37:08+00:00,AttachRolePolicy,99.237.32.xxx,,"[{""resourceType"":""AWS::IAM::Policy"",""resourceName"":""arn:aws:iam::xxxxxxxxxxxx:policy/service-role/Amazon_EventBridge_Invoke_Lambda_1278744119""},{""resourceType"":""AWS::IAM::Role"",""resourceName"":""Amazon_EventBridge_Invoke_Lambda_1278744119""}]",AwsApiCall,Management,21,Outside-Hours,True,False,False,False,7,Medium,3
root,2026-04-18 21:37:08+00:00,PutRule,99.237.32.xxx,,[],AwsApiCall,Management,21,Outside-Hours,True,False,False,False,7,Medium,3
root,2026-04-18 21:37:08+00:00,CreatePolicy,99.237.32.xxx,,"[{""resourceType"":""AWS::IAM::Policy"",""resourceName"":""arn:aws:iam::xxxxxxxxxxxx:policy/service-role/Amazon_EventBridge_Invoke_Lambda_1278744119""},{""resourceType"":""AWS::IAM::Policy"",""resourceName"":""Amazon_EventBridge_Invoke_Lambda_1278744119""},{""resourceType"":""AWS::IAM::Policy"",""resourceName"":""ANPA3ARNFVNIYHGAV4MYM""}]",AwsApiCall,Management,21,Outside-Hours,True,False,False,False,7,Medium,3
root,2026-04-18 21:37:08+00:00,CreateRole,99.237.32.xxx,,"[{""resourceType"":""AWS::IAM::Role"",""resourceName"":""Amazon_EventBridge_Invoke_Lambda_1278744119""},{""resourceType"":""AWS::IAM::Role"",""resourceName"":""arn:aws:iam::xxxxxxxxxxxx:role/service-role/Amazon_EventBridge_Invoke_Lambda_1278744119""},{""resourceType"":""AWS::IAM::Role"",""resourceName"":""AROA3ARNFVNIRRNHYUXB3""}]",AwsApiCall,Management,21,Outside-Hours,True,False,False,False,7,Medium,3
root,2026-04-18 19:47:33+00:00,UpdateFunctionConfiguration20150331v2,99.237.32.xxx,,"[{""resourceType"":""AWS::Lambda::Function"",""resourceName"":""soc-auto-block""}]",AwsApiCall,Management,19,Night,True,False,False,False,5,Medium,3
root,2026-04-18 18:50:09+00:00,StartInstances,99.237.32.xxx,,"[{""resourceType"":""AWS::EC2::Instance"",""resourceName"":""i-xxxxxxxx""}]",AwsApiCall,Management,18,Night,True,True,False,False,12,High,2
root,2026-04-18 18:49:43+00:00,StartInstances,99.237.32.xxx,,"[{""resourceType"":""AWS::EC2::Instance"",""resourceName"":""i-xxxxxxxx""}]",AwsApiCall,Management,18,Night,True,True,False,False,12,High,2
root,2026-04-18 18:06:06+00:00,StopInstances,99.237.32.xxx,,"[{""resourceType"":""AWS::EC2::Instance"",""resourceName"":""i-xxxxxxxx""}]",AwsApiCall,Management,18,Night,True,True,False,False,12,High,2
root,2026-04-18 18:05:54+00:00,StopInstances,99.237.32.xxx,,"[{""resourceType"":""AWS::EC2::Instance"",""resourceName"":""i-xxxxxxxx""}]",AwsApiCall,Management,18,Night,True,True,False,False,12,High,2
root,2026-04-18 18:03:26+00:00,PutMetricAlarm,99.237.32.xxx,,"[{""resourceType"":""AWS::CloudWatch::Alarm"",""resourceName"":""BlockedTrafficAlert""}]",AwsApiCall,Management,18,Night,True,False,False,False,5,Medium,3
soc-auto-block,2026-04-18 17:48:44+00:00,CreateLogStream,3.82.222.xxx,,[],AwsApiCall,Management,17,Night,False,False,False,False,0,Low,4
soc-auto-block,2026-04-18 17:48:41+00:00,RevokeSecurityGroupIngress,3.82.222.xxx,,"[{""resourceType"":""AWS::EC2::SecurityGroup"",""resourceName"":""sg-xxxxxxxx""}]",AwsApiCall,Management,17,Night,False,False,False,False,0,Low,4
root,2026-04-18 17:47:52+00:00,PutMetricAlarm,99.237.32.xxx,,"[{""resourceType"":""AWS::CloudWatch::Alarm"",""resourceName"":""BlockedTrafficAlert""}]",AwsApiCall,Management,17,Night,True,False,False,False,5,Medium,3
root,2026-04-18 17:45:53+00:00,PutMetricAlarm,99.237.32.xxx,,"[{""resourceType"":""AWS::CloudWatch::Alarm"",""resourceName"":""BlockedTrafficAlert""}]",AwsApiCall,Management,17,Night,True,False,False,False,5,Medium,3
root,2026-04-18 17:45:24+00:00,UpdateFunctionConfiguration20150331v2,99.237.32.xxx,,"[{""resourceType"":""AWS::Lambda::Function"",""resourceName"":""soc-auto-block""}]",AwsApiCall,Management,17,Night,True,False,False,False,5,Medium,3
soc-auto-block,2026-04-18 17:38:04+00:00,RevokeSecurityGroupIngress,54.242.38.xxx,Client.InvalidParameterValue,"[{""resourceType"":""AWS::EC2::SecurityGroup"",""resourceName"":""sg-xxxxxxxx""}]",AwsApiCall,Management,17,Night,False,False,False,False,0,Low,4
soc-auto-block,2026-04-18 17:38:04+00:00,CreateLogStream,54.242.38.xxx,,[],AwsApiCall,Management,17,Night,False,False,False,False,0,Low,4
root,2026-04-18 17:37:24+00:00,PutMetricAlarm,99.237.32.xxx,,"[{""resourceType"":""AWS::CloudWatch::Alarm"",""resourceName"":""BlockedTrafficAlert""}]",AwsApiCall,Management,17,Night,True,False,False,False,5,Medium,3
root,2026-04-18 17:37:00+00:00,PutMetricAlarm,99.237.32.xxx,,"[{""resourceType"":""AWS::CloudWatch::Alarm"",""resourceName"":""SSHRejectAlarm""}]",AwsApiCall,Management,17,Night,True,False,False,False,5,Medium,3
root,2026-04-18 17:34:15+00:00,PutMetricAlarm,99.237.32.xxx,,"[{""resourceType"":""AWS::CloudWatch::Alarm"",""resourceName"":""SSHRejectAlarm""}]",AwsApiCall,Management,17,Night,True,False,False,False,5,Medium,3
root,2026-04-18 17:32:38+00:00,PutMetricAlarm,99.237.32.xxx,,"[{""resourceType"":""AWS::CloudWatch::Alarm"",""resourceName"":""SSHRejectAlarm""}]",AwsApiCall,Management,17,Night,True,False,False,False,5,Medium,3
root,2026-04-18 17:28:41+00:00,PutMetricAlarm,99.237.32.xxx,,"[{""resourceType"":""AWS::CloudWatch::Alarm"",""resourceName"":""BlockedTrafficAlert""}]",AwsApiCall,Management,17,Night,True,False,False,False,5,Medium,3
root,2026-04-18 17:28:04+00:00,PutMetricAlarm,99.237.32.xxx,,"[{""resourceType"":""AWS::CloudWatch::Alarm"",""resourceName"":""SSHRejectAlarm""}]",AwsApiCall,Management,17,Night,True,False,False,False,5,Medium,3
root,2026-04-18 17:27:36+00:00,PutMetricAlarm,99.237.32.xxx,,"[{""resourceType"":""AWS::CloudWatch::Alarm"",""resourceName"":""BlockedTrafficAlert""}]",AwsApiCall,Management,17,Night,True,False,False,False,5,Medium,3
root,2026-04-18 17:26:35+00:00,PutMetricAlarm,99.237.32.xxx,,"[{""resourceType"":""AWS::CloudWatch::Alarm"",""resourceName"":""SSHRejectAlarm""}]",AwsApiCall,Management,17,Night,True,False,False,False,5,Medium,3
soc-auto-block,2026-04-18 17:21:31+00:00,CreateLogStream,3.237.22.xxx,,[],AwsApiCall,Management,17,Night,False,False,False,False,0,Low,4
soc-auto-block,2026-04-18 17:21:24+00:00,RevokeSecurityGroupIngress,3.237.22.xxx,Client.InvalidParameterValue,"[{""resourceType"":""AWS::EC2::SecurityGroup"",""resourceName"":""sg-xxxxxxxx""}]",AwsApiCall,Management,17,Night,False,False,False,False,0,Low,4
root,2026-04-18 17:19:42+00:00,PutMetricAlarm,99.237.32.xxx,,"[{""resourceType"":""AWS::CloudWatch::Alarm"",""resourceName"":""BlockedTrafficAlert""}]",AwsApiCall,Management,17,Night,True,False,False,False,5,Medium,3
root,2026-04-18 17:17:40+00:00,PutMetricAlarm,99.237.32.xxx,,"[{""resourceType"":""AWS::CloudWatch::Alarm"",""resourceName"":""SSHRejectAlarm""}]",AwsApiCall,Management,17,Night,True,False,False,False,5,Medium,3
root,2026-04-18 17:17:18+00:00,PutMetricAlarm,99.237.32.xxx,,"[{""resourceType"":""AWS::CloudWatch::Alarm"",""resourceName"":""BlockedTrafficAlert""}]",AwsApiCall,Management,17,Night,True,False,False,False,5,Medium,3
root,2026-04-18 17:15:28+00:00,PutMetricAlarm,99.237.32.xxx,,"[{""resourceType"":""AWS::CloudWatch::Alarm"",""resourceName"":""SSHRejectAlarm""}]",AwsApiCall,Management,17,Night,True,False,False,False,5,Medium,3
root,2026-04-18 17:14:46+00:00,PutMetricAlarm,99.237.32.xxx,,"[{""resourceType"":""AWS::CloudWatch::Alarm"",""resourceName"":""SSHRejectAlarm""}]",AwsApiCall,Management,17,Night,True,False,False,False,5,Medium,3
root,2026-04-18 17:11:43+00:00,PutMetricAlarm,99.237.32.xxx,,"[{""resourceType"":""AWS::CloudWatch::Alarm"",""resourceName"":""BlockedTrafficAlert""}]",AwsApiCall,Management,17,Night,True,False,False,False,5,Medium,3
soc-auto-block,2026-04-18 17:10:09+00:00,CreateLogStream,98.94.53.xxx,,[],AwsApiCall,Management,17,Night,False,False,False,False,0,Low,4
soc-auto-block,2026-04-18 17:10:05+00:00,RevokeSecurityGroupIngress,98.94.53.xxx,Client.InvalidParameterValue,"[{""resourceType"":""AWS::EC2::SecurityGroup"",""resourceName"":""sg-xxxxxxxx""}]",AwsApiCall,Management,17,Night,False,False,False,False,0,Low,4
root,2026-04-18 17:09:23+00:00,PutMetricFilter,99.237.32.xxx,,[],AwsApiCall,Management,17,Night,True,False,False,False,5,Medium,3
root,2026-04-18 16:56:40+00:00,PutMetricAlarm,99.237.32.xxx,,"[{""resourceType"":""AWS::CloudWatch::Alarm"",""resourceName"":""BlockedTrafficAlert""}]",AwsApiCall,Management,16,Afternoon,True,False,False,False,5,Medium,3
root,2026-04-18 16:54:02+00:00,PutMetricAlarm,99.237.32.xxx,,"[{""resourceType"":""AWS::CloudWatch::Alarm"",""resourceName"":""BlockedTrafficAlert""}]",AwsApiCall,Management,16,Afternoon,True,False,False,False,5,Medium,3
root,2026-04-18 16:51:38+00:00,PutMetricAlarm,99.237.32.xxx,,"[{""resourceType"":""AWS::CloudWatch::Alarm"",""resourceName"":""BlockedTrafficAlert""}]",AwsApiCall,Management,16,Afternoon,True,False,False,False,5,Medium,3
root,2026-04-18 16:19:01+00:00,RevokeSecurityGroupIngress,99.237.32.xxx,,"[{""resourceType"":""AWS::EC2::SecurityGroup"",""resourceName"":""sg-xxxxxxxx""}]",AwsApiCall,Management,16,Afternoon,True,False,False,False,5,Medium,3
root,2026-04-18 16:17:00+00:00,UpdateFunctionConfiguration20150331v2,99.237.32.xxx,,"[{""resourceType"":""AWS::Lambda::Function"",""resourceName"":""soc-auto-block""}]",AwsApiCall,Management,16,Afternoon,True,False,False,False,5,Medium,3
root,2026-04-18 15:48:02+00:00,PutMetricAlarm,99.237.32.xxx,,"[{""resourceType"":""AWS::CloudWatch::Alarm"",""resourceName"":""BlockedTrafficAlert""}]",AwsApiCall,Management,15,Afternoon,True,False,False,False,5,Medium,3
root,2026-04-18 15:39:27+00:00,AuthorizeSecurityGroupIngress,99.237.32.xxx,,"[{""resourceType"":""AWS::EC2::SecurityGroup"",""resourceName"":""sg-xxxxxxxx""}]",AwsApiCall,Management,15,Afternoon,True,True,False,False,12,High,2
root,2026-04-18 15:36:09+00:00,PutMetricAlarm,99.237.32.xxx,,"[{""resourceType"":""AWS::CloudWatch::Alarm"",""resourceName"":""BlockedTrafficAlert""}]",AwsApiCall,Management,15,Afternoon,True,False,False,False,5,Medium,3
root,2026-04-18 15:33:39+00:00,ConsoleLogin,99.237.32.xxx,,[],AwsConsoleSignIn,Management,15,Afternoon,True,False,True,False,5,Medium,3
root,2026-04-14 14:50:05+00:00,AuthorizeSecurityGroupIngress,24.114.57.xxx,,"[{""resourceType"":""AWS::EC2::SecurityGroup"",""resourceName"":""sg-xxxxxxxx""}]",AwsApiCall,Management,14,Afternoon,True,True,False,False,12,High,2
root,2026-04-14 14:49:20+00:00,PutMetricAlarm,24.114.57.xxx,,"[{""resourceType"":""AWS::CloudWatch::Alarm"",""resourceName"":""SSHBruteForceAlarm""}]",AwsApiCall,Management,14,Afternoon,True,False,False,False,5,Medium,3
soc-auto-block,2026-04-14 14:46:52+00:00,RevokeSecurityGroupIngress,3.95.208.xxx,,"[{""resourceType"":""AWS::EC2::SecurityGroup"",""resourceName"":""sg-xxxxxxxx""}]",AwsApiCall,Management,14,Afternoon,False,False,False,False,0,Low,4
soc-auto-block,2026-04-14 14:46:52+00:00,CreateLogStream,3.95.208.xxx,,[],AwsApiCall,Management,14,Afternoon,False,False,False,False,0,Low,4
root,2026-04-14 14:45:02+00:00,PutMetricAlarm,24.114.57.xxx,,"[{""resourceType"":""AWS::CloudWatch::Alarm"",""resourceName"":""SSHBruteForceAlarm""}]",AwsApiCall,Management,14,Afternoon,True,False,False,False,5,Medium,3
root,2026-04-14 14:43:40+00:00,AuthorizeSecurityGroupIngress,24.114.57.xxx,,"[{""resourceType"":""AWS::EC2::SecurityGroup"",""resourceName"":""sg-xxxxxxxx""}]",AwsApiCall,Management,14,Afternoon,True,True,False,False,12,High,2
root,2026-04-14 14:40:36+00:00,PutMetricAlarm,24.114.57.xxx,,"[{""resourceType"":""AWS::CloudWatch::Alarm"",""resourceName"":""SSHBruteForceAlarm""}]",AwsApiCall,Management,14,Afternoon,True,False,False,False,5,Medium,3
soc-auto-block,2026-04-14 14:38:01+00:00,CreateLogStream,52.91.65.xxx,,[],AwsApiCall,Management,14,Afternoon,False,False,False,False,0,Low,4
soc-auto-block,2026-04-14 14:38:00+00:00,RevokeSecurityGroupIngress,52.91.65.xxx,,"[{""resourceType"":""AWS::EC2::SecurityGroup"",""resourceName"":""sg-xxxxxxxx""}]",AwsApiCall,Management,14,Afternoon,False,False,False,False,0,Low,4
root,2026-04-14 14:36:01+00:00,PutMetricAlarm,24.114.57.xxx,,"[{""resourceType"":""AWS::CloudWatch::Alarm"",""resourceName"":""SSHBruteForceAlarm""}]",AwsApiCall,Management,14,Afternoon,True,False,False,False,5,Medium,3
root,2026-04-14 14:32:56+00:00,StartInstances,24.114.57.xxx,,"[{""resourceType"":""AWS::EC2::Instance"",""resourceName"":""i-xxxxxxxx""}]",AwsApiCall,Management,14,Afternoon,True,True,False,False,12,High,2
root,2026-04-14 14:32:43+00:00,StartInstances,24.114.57.xxx,,"[{""resourceType"":""AWS::EC2::Instance"",""resourceName"":""i-xxxxxxxx""}]",AwsApiCall,Management,14,Afternoon,True,True,False,False,12,High,2
root,2026-04-14 14:31:22+00:00,ConsoleLogin,24.114.57.xxx,,[],AwsConsoleSignIn,Management,14,Afternoon,True,False,True,False,5,Medium,3
root,2026-04-14 02:40:17+00:00,StopInstances,99.237.32.xxx,,"[{""resourceType"":""AWS::EC2::Instance"",""resourceName"":""i-xxxxxxxx""}]",AwsApiCall,Management,2,Outside-Hours,True,True,False,False,14,Critical,1
root,2026-04-14 02:39:55+00:00,StopInstances,99.237.32.xxx,,"[{""resourceType"":""AWS::EC2::Instance"",""resourceName"":""i-xxxxxxxx""}]",AwsApiCall,Management,2,Outside-Hours,True,True,False,False,14,Critical,1
root,2026-04-13 23:31:20+00:00,AuthorizeSecurityGroupIngress,99.237.32.xxx,,"[{""resourceType"":""AWS::EC2::SecurityGroup"",""resourceName"":""sg-xxxxxxxx""}]",AwsApiCall,Management,23,Outside-Hours,True,True,False,False,14,Critical,1
soc-auto-block,2026-04-13 23:08:36+00:00,CreateLogStream,44.197.116.xxx,,[],AwsApiCall,Management,23,Outside-Hours,False,False,False,False,2,Low,4
soc-auto-block,2026-04-13 23:08:31+00:00,RevokeSecurityGroupIngress,44.197.116.xxx,,"[{""resourceType"":""AWS::EC2::SecurityGroup"",""resourceName"":""sg-xxxxxxxx""}]",AwsApiCall,Management,23,Outside-Hours,False,False,False,False,2,Low,4
root,2026-04-13 23:03:36+00:00,PutMetricAlarm,99.237.32.xxx,,"[{""resourceType"":""AWS::CloudWatch::Alarm"",""resourceName"":""SSHBruteForceAlarm""}]",AwsApiCall,Management,23,Outside-Hours,True,False,False,False,7,Medium,3
root,2026-04-13 22:51:08+00:00,AuthorizeSecurityGroupIngress,99.237.32.xxx,,"[{""resourceType"":""AWS::EC2::SecurityGroup"",""resourceName"":""sg-xxxxxxxx""}]",AwsApiCall,Management,22,Outside-Hours,True,True,False,False,14,Critical,1
root,2026-04-13 22:49:53+00:00,PutMetricAlarm,99.237.32.xxx,,"[{""resourceType"":""AWS::CloudWatch::Alarm"",""resourceName"":""SSHBruteForceAlarm""}]",AwsApiCall,Management,22,Outside-Hours,True,False,False,False,7,Medium,3
root,2026-04-13 22:44:14+00:00,PutMetricAlarm,99.237.32.xxx,,"[{""resourceType"":""AWS::CloudWatch::Alarm"",""resourceName"":""SSHBruteForceAlarm""}]",AwsApiCall,Management,22,Outside-Hours,True,False,False,False,7,Medium,3
soc-auto-block,2026-04-13 22:36:38+00:00,CreateLogStream,3.235.137.xxx,,[],AwsApiCall,Management,22,Outside-Hours,False,False,False,False,2,Low,4
soc-auto-block,2026-04-13 22:36:37+00:00,RevokeSecurityGroupIngress,3.235.137.xxx,,"[{""resourceType"":""AWS::EC2::SecurityGroup"",""resourceName"":""sg-xxxxxxxx""}]",AwsApiCall,Management,22,Outside-Hours,False,False,False,False,2,Low,4
root,2026-04-13 22:35:20+00:00,PutMetricAlarm,99.237.32.xxx,,"[{""resourceType"":""AWS::CloudWatch::Alarm"",""resourceName"":""SSHBruteForceAlarm""}]",AwsApiCall,Management,22,Outside-Hours,True,False,False,False,7,Medium,3
root,2026-04-13 22:26:27+00:00,StartInstances,99.237.32.xxx,,"[{""resourceType"":""AWS::EC2::Instance"",""resourceName"":""i-xxxxxxxx""}]",AwsApiCall,Management,22,Outside-Hours,True,True,False,False,14,Critical,1
root,2026-04-13 22:26:03+00:00,StartInstances,99.237.32.xxx,,"[{""resourceType"":""AWS::EC2::Instance"",""resourceName"":""i-xxxxxxxx""}]",AwsApiCall,Management,22,Outside-Hours,True,True,False,False,14,Critical,1
root,2026-04-13 22:24:47+00:00,PutMetricAlarm,99.237.32.xxx,,"[{""resourceType"":""AWS::CloudWatch::Alarm"",""resourceName"":""SSHBruteForceAlarm""}]",AwsApiCall,Management,22,Outside-Hours,True,False,False,False,7,Medium,3
root,2026-04-13 21:50:12+00:00,ConsoleLogin,99.237.32.xxx,,[],AwsConsoleSignIn,Management,21,Outside-Hours,True,False,True,False,7,Medium,3
root,2026-04-13 06:06:00+00:00,StopInstances,99.237.32.xxx,,"[{""resourceType"":""AWS::EC2::Instance"",""resourceName"":""i-xxxxxxxx""}]",AwsApiCall,Management,6,Morning,True,True,False,False,12,High,2
root,2026-04-13 06:05:28+00:00,StopInstances,99.237.32.xxx,,"[{""resourceType"":""AWS::EC2::Instance"",""resourceName"":""i-xxxxxxxx""}]",AwsApiCall,Management,6,Morning,True,True,False,False,12,High,2
root,2026-04-13 06:02:49+00:00,AuthorizeSecurityGroupIngress,99.237.32.xxx,,"[{""resourceType"":""AWS::EC2::SecurityGroup"",""resourceName"":""sg-xxxxxxxx""}]",AwsApiCall,Management,6,Morning,True,True,False,False,12,High,2
root,2026-04-13 06:02:06+00:00,PutMetricAlarm,99.237.32.xxx,,"[{""resourceType"":""AWS::CloudWatch::Alarm"",""resourceName"":""PortScanTCPRejectedAlarm""}]",AwsApiCall,Management,6,Morning,True,False,False,False,5,Medium,3
soc-auto-block,2026-04-13 05:44:42+00:00,CreateLogStream,100.48.215.xxx,,[],AwsApiCall,Management,5,Outside-Hours,False,False,False,False,2,Low,4
soc-auto-block,2026-04-13 05:44:38+00:00,RevokeSecurityGroupIngress,100.48.215.xxx,,"[{""resourceType"":""AWS::EC2::SecurityGroup"",""resourceName"":""sg-xxxxxxxx""}]",AwsApiCall,Management,5,Outside-Hours,False,False,False,False,2,Low,4
root,2026-04-13 05:43:43+00:00,PutMetricAlarm,99.237.32.xxx,,"[{""resourceType"":""AWS::CloudWatch::Alarm"",""resourceName"":""PortScanTCPRejectedAlarm""}]",AwsApiCall,Management,5,Outside-Hours,True,False,False,False,7,Medium,3
root,2026-04-13 05:39:41+00:00,PutMetricAlarm,99.237.32.xxx,,"[{""resourceType"":""AWS::CloudWatch::Alarm"",""resourceName"":""PortScanTCPRejectedAlarm""}]",AwsApiCall,Management,5,Outside-Hours,True,False,False,False,7,Medium,3
root,2026-04-13 05:35:51+00:00,AddPermission20150331v2,44.222.180.xxx,,"[{""resourceType"":""AWS::Lambda::Function"",""resourceName"":""soc-auto-block""}]",AwsApiCall,Management,5,Outside-Hours,True,False,False,False,7,Medium,3
root,2026-04-13 05:35:33+00:00,SendHeartBeat,99.237.32.xxx,,[],AwsApiCall,Management,5,Outside-Hours,True,False,False,False,7,Medium,3
root,2026-04-13 05:32:43+00:00,CreateSession,99.237.32.xxx,,[],AwsApiCall,Management,5,Outside-Hours,True,False,False,False,7,Medium,3
root,2026-04-13 05:32:43+00:00,PutCredentials,99.237.32.xxx,,[],AwsApiCall,Management,5,Outside-Hours,True,False,False,False,7,Medium,3
root,2026-04-13 05:32:41+00:00,CreateEnvironment,99.237.32.xxx,,[],AwsApiCall,Management,5,Outside-Hours,True,False,False,False,7,Medium,3
root,2026-04-13 05:11:48+00:00,PutMetricAlarm,99.237.32.xxx,,"[{""resourceType"":""AWS::CloudWatch::Alarm"",""resourceName"":""PortScanTCPRejectedAlarm""}]",AwsApiCall,Management,5,Outside-Hours,True,False,False,False,7,Medium,3
root,2026-04-13 05:08:08+00:00,ModifySecurityGroupRules,99.237.32.xxx,,"[{""resourceType"":""AWS::EC2::SecurityGroup"",""resourceName"":""sg-xxxxxxxx""}]",AwsApiCall,Management,5,Outside-Hours,True,False,False,False,7,Medium,3
root,2026-04-13 05:06:57+00:00,PutMetricAlarm,99.237.32.xxx,,"[{""resourceType"":""AWS::CloudWatch::Alarm"",""resourceName"":""PortScanTCPRejectedAlarm""}]",AwsApiCall,Management,5,Outside-Hours,True,False,False,False,7,Medium,3
soc-auto-block,2026-04-13 05:06:45+00:00,CreateLogStream,100.54.23.xxx,,[],AwsApiCall,Management,5,Outside-Hours,False,False,False,False,2,Low,4
soc-auto-block,2026-04-13 05:06:41+00:00,RevokeSecurityGroupIngress,100.54.23.xxx,,"[{""resourceType"":""AWS::EC2::SecurityGroup"",""resourceName"":""sg-xxxxxxxx""}]",AwsApiCall,Management,5,Outside-Hours,False,False,False,False,2,Low,4
root,2026-04-13 03:27:50+00:00,PutMetricAlarm,99.237.32.xxx,,"[{""resourceType"":""AWS::CloudWatch::Alarm"",""resourceName"":""PortScanTCPRejectedAlarm""}]",AwsApiCall,Management,3,Outside-Hours,True,False,False,False,7,Medium,3
root,2026-04-13 03:12:47+00:00,RevokeSecurityGroupIngress,99.237.32.xxx,,"[{""resourceType"":""AWS::EC2::SecurityGroup"",""resourceName"":""sg-xxxxxxxx""}]",AwsApiCall,Management,3,Outside-Hours,True,False,False,False,7,Medium,3
root,2026-04-13 03:11:39+00:00,PutMetricAlarm,99.237.32.xxx,,"[{""resourceType"":""AWS::CloudWatch::Alarm"",""resourceName"":""PortScanTCPRejectedAlarm""}]",AwsApiCall,Management,3,Outside-Hours,True,False,False,False,7,Medium,3
root,2026-04-13 03:02:44+00:00,PutMetricAlarm,99.237.32.xxx,,"[{""resourceType"":""AWS::CloudWatch::Alarm"",""resourceName"":""PortScanTCPRejectedAlarm""}]",AwsApiCall,Management,3,Outside-Hours,True,False,False,False,7,Medium,3
root,2026-04-13 02:58:42+00:00,UpdateFunctionConfiguration20150331v2,99.237.32.xxx,,"[{""resourceType"":""AWS::Lambda::Function"",""resourceName"":""soc-auto-block""}]",AwsApiCall,Management,2,Outside-Hours,True,False,False,False,7,Medium,3
root,2026-04-13 02:49:25+00:00,PutMetricAlarm,99.237.32.xxx,,"[{""resourceType"":""AWS::CloudWatch::Alarm"",""resourceName"":""PortScanTCPRejectedAlarm""}]",AwsApiCall,Management,2,Outside-Hours,True,False,False,False,7,Medium,3
root,2026-04-13 02:32:57+00:00,PutMetricAlarm,99.237.32.xxx,,"[{""resourceType"":""AWS::CloudWatch::Alarm"",""resourceName"":""PortScanTCPRejectedAlarm""}]",AwsApiCall,Management,2,Outside-Hours,True,False,False,False,7,Medium,3
root,2026-04-13 02:30:45+00:00,PutMetricAlarm,99.237.32.xxx,,"[{""resourceType"":""AWS::CloudWatch::Alarm"",""resourceName"":""PortScanTCPRejectedAlarm""}]",AwsApiCall,Management,2,Outside-Hours,True,False,False,False,7,Medium,3
root,2026-04-13 02:30:24+00:00,PutMetricAlarm,99.237.32.xxx,,"[{""resourceType"":""AWS::CloudWatch::Alarm"",""resourceName"":""PortScanTCPRejectedAlarm""}]",AwsApiCall,Management,2,Outside-Hours,True,False,False,False,7,Medium,3
root,2026-04-13 02:28:52+00:00,UpdateFunctionConfiguration20150331v2,99.237.32.xxx,,"[{""resourceType"":""AWS::Lambda::Function"",""resourceName"":""soc-auto-block""}]",AwsApiCall,Management,2,Outside-Hours,True,False,False,False,7,Medium,3
GuardDutyMalwareProtection,2026-04-13 02:25:20+00:00,DeleteSnapshot,malware-protection.guardduty.amazonaws.com,,"[{""resourceType"":""AWS::EC2::Snapshot"",""resourceName"":""snap-02c399fc68f7c44b1""}]",AwsApiCall,Management,2,Outside-Hours,False,False,False,False,2,Low,4
root,2026-04-13 02:24:56+00:00,UpdateFunctionConfiguration20150331v2,99.237.32.xxx,,"[{""resourceType"":""AWS::Lambda::Function"",""resourceName"":""soc-auto-block""}]",AwsApiCall,Management,2,Outside-Hours,True,False,False,False,7,Medium,3
root,2026-04-13 02:17:29+00:00,PutMetricAlarm,99.237.32.xxx,,"[{""resourceType"":""AWS::CloudWatch::Alarm"",""resourceName"":""PortScanTCPRejectedAlarm""}]",AwsApiCall,Management,2,Outside-Hours,True,False,False,False,7,Medium,3
,2026-04-13 02:15:04+00:00,SharedSnapshotVolumeCreated,ec2.amazonaws.com,,[],AwsServiceEvent,Management,2,Outside-Hours,False,False,False,False,2,Low,4
,2026-04-13 02:15:02+00:00,CreateVolume,malware-protection.guardduty.amazonaws.com,,"[{""resourceType"":""AWS::EC2::Snapshot"",""resourceName"":""snap-02c399fc68f7c44b1""},{""resourceType"":""AWS::EC2::Volume"",""resourceName"":""vol-03eea34d902a599b9""}]",AwsApiCall,Management,2,Outside-Hours,False,False,False,False,2,Low,4
root,2026-04-13 02:14:42+00:00,PutMetricAlarm,99.237.32.xxx,,"[{""resourceType"":""AWS::CloudWatch::Alarm"",""resourceName"":""PortScanTCPRejectedAlarm""}]",AwsApiCall,Management,2,Outside-Hours,True,False,False,False,7,Medium,3
GuardDutyMalwareProtection,2026-04-13 02:14:01+00:00,ModifySnapshotAttribute,malware-protection.guardduty.amazonaws.com,,"[{""resourceType"":""AWS::EC2::Snapshot"",""resourceName"":""snap-02c399fc68f7c44b1""}]",AwsApiCall,Management,2,Outside-Hours,False,False,False,False,2,Low,4
GuardDutyMalwareProtection,2026-04-13 02:13:06+00:00,CreateLogGroup,malware-protection.guardduty.amazonaws.com,ResourceAlreadyExistsException,[],AwsApiCall,Management,2,Outside-Hours,False,False,False,False,2,Low,4
GuardDutyMalwareProtection,2026-04-13 02:13:06+00:00,CreateLogStream,malware-protection.guardduty.amazonaws.com,,[],AwsApiCall,Management,2,Outside-Hours,False,False,False,False,2,Low,4
GuardDutyMalwareProtection,2026-04-13 02:13:00+00:00,CreateSnapshot,malware-protection.guardduty.amazonaws.com,,"[{""resourceType"":""AWS::EC2::Snapshot"",""resourceName"":""snap-02c399fc68f7c44b1""},{""resourceType"":""AWS::EC2::Volume"",""resourceName"":""vol-0424d715eb3ed0b7d""}]",AwsApiCall,Management,2,Outside-Hours,False,False,False,False,2,Low,4
root,2026-04-13 02:12:52+00:00,AuthorizeSecurityGroupIngress,99.237.32.xxx,,"[{""resourceType"":""AWS::EC2::SecurityGroup"",""resourceName"":""sg-xxxxxxxx""}]",AwsApiCall,Management,2,Outside-Hours,True,True,False,False,14,Critical,1
root,2026-04-13 02:05:03+00:00,PutMetricAlarm,99.237.32.xxx,,"[{""resourceType"":""AWS::CloudWatch::Alarm"",""resourceName"":""PortScanTCPRejectedAlarm""}]",AwsApiCall,Management,2,Outside-Hours,True,False,False,False,7,Medium,3
root,2026-04-13 02:03:24+00:00,PutMetricAlarm,99.237.32.xxx,,"[{""resourceType"":""AWS::CloudWatch::Alarm"",""resourceName"":""PortScanTCPRejectedAlarm""}]",AwsApiCall,Management,2,Outside-Hours,True,False,False,False,7,Medium,3
root,2026-04-13 01:07:49+00:00,PutMetricAlarm,99.237.32.xxx,,"[{""resourceType"":""AWS::CloudWatch::Alarm"",""resourceName"":""PortScanTCPRejectedAlarm""}]",AwsApiCall,Management,1,Outside-Hours,True,False,False,False,7,Medium,3
soc-auto-block,2026-04-13 00:14:50+00:00,CreateLogStream,44.222.96.xxx,,[],AwsApiCall,Management,0,Outside-Hours,False,False,False,False,2,Low,4
soc-auto-block,2026-04-13 00:14:45+00:00,RevokeSecurityGroupIngress,44.222.96.xxx,,"[{""resourceType"":""AWS::EC2::SecurityGroup"",""resourceName"":""sg-xxxxxxxx""}]",AwsApiCall,Management,0,Outside-Hours,False,False,False,False,2,Low,4
root,2026-04-13 00:12:10+00:00,AuthorizeSecurityGroupIngress,99.237.32.xxx,,"[{""resourceType"":""AWS::EC2::SecurityGroup"",""resourceName"":""sg-xxxxxxxx""}]",AwsApiCall,Management,0,Outside-Hours,True,True,False,False,14,Critical,1
soc-auto-block,2026-04-12 23:58:49+00:00,RevokeSecurityGroupIngress,34.229.222.xxx,,"[{""resourceType"":""AWS::EC2::SecurityGroup"",""resourceName"":""sg-xxxxxxxx""}]",AwsApiCall,Management,23,Outside-Hours,False,False,False,False,2,Low,4
soc-auto-block,2026-04-12 23:58:48+00:00,CreateLogStream,34.229.222.xxx,ResourceNotFoundException,[],AwsApiCall,Management,23,Outside-Hours,False,False,False,False,2,Low,4
soc-auto-block,2026-04-12 23:58:48+00:00,CreateLogGroup,34.229.222.xxx,,[],AwsApiCall,Management,23,Outside-Hours,False,False,False,False,2,Low,4
soc-auto-block,2026-04-12 23:58:48+00:00,CreateLogStream,34.229.222.xxx,,[],AwsApiCall,Management,23,Outside-Hours,False,False,False,False,2,Low,4
root,2026-04-12 23:46:13+00:00,PutRolePolicy,99.237.32.xxx,,"[{""resourceType"":""AWS::IAM::Policy"",""resourceName"":""soc-auto-block-policy""},{""resourceType"":""AWS::IAM::Role"",""resourceName"":""soc-auto-block-role-td7r5do4""}]",AwsApiCall,Management,23,Outside-Hours,True,False,False,False,7,Medium,3
root,2026-04-12 23:22:41+00:00,UpdateFunctionConfiguration20150331v2,99.237.32.xxx,,"[{""resourceType"":""AWS::Lambda::Function"",""resourceName"":""soc-auto-block""}]",AwsApiCall,Management,23,Outside-Hours,True,False,False,False,7,Medium,3
root,2026-04-12 23:22:41+00:00,CreateGrant,lambda.amazonaws.com,,"[{""resourceType"":""AWS::KMS::Key"",""resourceName"":""arn:aws:kms:us-east-1:xxxxxxxxxxxx:key/9235b47b-fede-4adf-99b1-b39fc40e166a""}]",AwsApiCall,Management,23,Outside-Hours,True,False,False,False,7,Medium,3
root,2026-04-12 23:14:11+00:00,StartInstances,99.237.32.xxx,,"[{""resourceType"":""AWS::EC2::Instance"",""resourceName"":""i-xxxxxxxx""}]",AwsApiCall,Management,23,Outside-Hours,True,True,False,False,14,Critical,1
root,2026-04-12 23:13:51+00:00,StartInstances,99.237.32.xxx,,"[{""resourceType"":""AWS::EC2::Instance"",""resourceName"":""i-xxxxxxxx""}]",AwsApiCall,Management,23,Outside-Hours,True,True,False,False,14,Critical,1
root,2026-04-12 22:55:56+00:00,UpdateFunctionCode20150331v2,99.237.32.xxx,,"[{""resourceType"":""AWS::Lambda::Function"",""resourceName"":""soc-auto-block""}]",AwsApiCall,Management,22,Outside-Hours,True,False,False,False,7,Medium,3
root,2026-04-12 22:46:07+00:00,CreateFunction20150331,99.237.32.xxx,,"[{""resourceType"":""AWS::Lambda::Function"",""resourceName"":""soc-auto-block""}]",AwsApiCall,Management,22,Outside-Hours,True,False,False,False,7,Medium,3
root,2026-04-12 22:46:03+00:00,CreateFunction20150331,99.237.32.xxx,InvalidParameterValueException,[],AwsApiCall,Management,22,Outside-Hours,True,False,False,False,7,Medium,3
root,2026-04-12 22:46:01+00:00,CreateFunction20150331,99.237.32.xxx,InvalidParameterValueException,[],AwsApiCall,Management,22,Outside-Hours,True,False,False,False,7,Medium,3
root,2026-04-12 22:45:59+00:00,CreateRole,99.237.32.xxx,,"[{""resourceType"":""AWS::IAM::Role"",""resourceName"":""AROA3ARNFVNIXJ5KBYCYO""},{""resourceType"":""AWS::IAM::Role"",""resourceName"":""soc-auto-block-role-td7r5do4""},{""resourceType"":""AWS::IAM::Role"",""resourceName"":""arn:aws:iam::xxxxxxxxxxxx:role/service-role/soc-auto-block-role-td7r5do4""}]",AwsApiCall,Management,22,Outside-Hours,True,False,False,False,7,Medium,3
root,2026-04-12 22:45:59+00:00,CreatePolicy,99.237.32.xxx,,"[{""resourceType"":""AWS::IAM::Policy"",""resourceName"":""arn:aws:iam::xxxxxxxxxxxx:policy/service-role/AWSLambdaBasicExecutionRole-7fdbda2e-af09-4648-9632-50ac2a868a14""},{""resourceType"":""AWS::IAM::Policy"",""resourceName"":""AWSLambdaBasicExecutionRole-7fdbda2e-af09-4648-9632-50ac2a868a14""},{""resourceType"":""AWS::IAM::Policy"",""resourceName"":""ANPA3ARNFVNIR2JAWLWJN""}]",AwsApiCall,Management,22,Outside-Hours,True,False,False,False,7,Medium,3
root,2026-04-12 22:45:59+00:00,CreateFunction20150331,99.237.32.xxx,InvalidParameterValueException,[],AwsApiCall,Management,22,Outside-Hours,True,False,False,False,7,Medium,3
root,2026-04-12 22:45:59+00:00,AttachRolePolicy,99.237.32.xxx,,"[{""resourceType"":""AWS::IAM::Policy"",""resourceName"":""arn:aws:iam::xxxxxxxxxxxx:policy/service-role/AWSLambdaBasicExecutionRole-7fdbda2e-af09-4648-9632-50ac2a868a14""},{""resourceType"":""AWS::IAM::Role"",""resourceName"":""soc-auto-block-role-td7r5do4""}]",AwsApiCall,Management,22,Outside-Hours,True,False,False,False,7,Medium,3
root,2026-04-12 22:08:23+00:00,ConsoleLogin,99.237.32.xxx,,[],AwsConsoleSignIn,Management,22,Outside-Hours,True,False,True,False,7,Medium,3
root,2026-04-12 05:16:45+00:00,ConsoleLogin,99.237.32.xxx,,[],AwsConsoleSignIn,Management,5,Outside-Hours,True,False,True,False,7,Medium,3
root,2026-04-06 03:22:07+00:00,ConsoleLogin,99.237.32.xxx,,[],AwsConsoleSignIn,Management,3,Outside-Hours,True,False,True,False,7,Medium,3
root,2026-04-05 22:38:50+00:00,ConsoleLogin,99.237.32.xxx,,[],AwsConsoleSignIn,Management,22,Outside-Hours,True,False,True,False,7,Medium,3
root,2026-04-04 19:18:40+00:00,ConsoleLogin,163.47.101.xxx,,[],AwsConsoleSignIn,Management,19,Night,True,False,True,False,5,Medium,3
root,2026-04-04 17:31:07+00:00,ConsoleLogin,163.47.101.xxx,,[],AwsConsoleSignIn,Management,17,Night,True,False,True,False,5,Medium,3
root,2026-04-04 16:06:58+00:00,ConsoleLogin,168.245.203.xxx,,[],AwsConsoleSignIn,Management,16,Afternoon,True,False,True,False,5,Medium,3
project-user,2026-04-03 16:27:28+00:00,StartInstances,99.237.32.xxx,Client.UnauthorizedOperation,"[{""resourceType"":""AWS::EC2::Instance"",""resourceName"":""i-xxxxxxxx""}]",AwsApiCall,Management,16,Afternoon,False,True,False,True,11,High,2
root,2026-04-03 16:03:37+00:00,DetachUserPolicy,99.237.32.xxx,,"[{""resourceType"":""AWS::IAM::User"",""resourceName"":""project-user""},{""resourceType"":""AWS::IAM::Policy"",""resourceName"":""arn:aws:iam::xxxxxxxxxxxx:policy/IAM-Attach-Policy-Test""}]",AwsApiCall,Management,16,Afternoon,True,False,False,False,5,Medium,3
root,2026-04-03 16:03:37+00:00,DetachUserPolicy,99.237.32.xxx,,"[{""resourceType"":""AWS::IAM::User"",""resourceName"":""project-user""},{""resourceType"":""AWS::IAM::Policy"",""resourceName"":""arn:aws:iam::aws:policy/AdministratorAccess""}]",AwsApiCall,Management,16,Afternoon,True,False,False,False,5,Medium,3
root,2026-04-03 16:02:38+00:00,DetachUserPolicy,99.237.32.xxx,,"[{""resourceType"":""AWS::IAM::User"",""resourceName"":""project-user""},{""resourceType"":""AWS::IAM::Policy"",""resourceName"":""arn:aws:iam::aws:policy/IAMReadOnlyAccess""}]",AwsApiCall,Management,16,Afternoon,True,False,False,False,5,Medium,3
root,2026-04-03 15:37:39+00:00,ConsoleLogin,99.237.32.xxx,,[],AwsConsoleSignIn,Management,15,Afternoon,True,False,True,False,5,Medium,3
root,2026-04-03 05:19:15+00:00,PutMetricAlarm,99.237.32.xxx,,"[{""resourceType"":""AWS::CloudWatch::Alarm"",""resourceName"":""SuspiciousIAMActivityAlarm""}]",AwsApiCall,Management,5,Outside-Hours,True,False,False,False,7,Medium,3
root,2026-04-03 05:10:25+00:00,ConsoleLogin,99.237.32.xxx,,[],AwsConsoleSignIn,Management,5,Outside-Hours,True,False,True,False,7,Medium,3
project-user,2026-04-03 05:08:36+00:00,AttachUserPolicy,99.237.32.xxx,,"[{""resourceType"":""AWS::IAM::User"",""resourceName"":""project-user""},{""resourceType"":""AWS::IAM::Policy"",""resourceName"":""arn:aws:iam::aws:policy/AdministratorAccess""}]",AwsApiCall,Management,5,Outside-Hours,False,True,False,False,9,Medium,3
root,2026-04-03 05:06:58+00:00,DetachUserPolicy,99.237.32.xxx,,"[{""resourceType"":""AWS::IAM::User"",""resourceName"":""project-user""},{""resourceType"":""AWS::IAM::Policy"",""resourceName"":""arn:aws:iam::aws:policy/CloudWatchReadOnlyAccess""}]",AwsApiCall,Management,5,Outside-Hours,True,False,False,False,7,Medium,3
root,2026-04-03 05:06:57+00:00,DetachUserPolicy,99.237.32.xxx,,"[{""resourceType"":""AWS::IAM::User"",""resourceName"":""project-user""},{""resourceType"":""AWS::IAM::Policy"",""resourceName"":""arn:aws:iam::aws:policy/AWSCloudTrail_ReadOnlyAccess""}]",AwsApiCall,Management,5,Outside-Hours,True,False,False,False,7,Medium,3
root,2026-04-03 05:06:43+00:00,DetachUserPolicy,99.237.32.xxx,,"[{""resourceType"":""AWS::IAM::User"",""resourceName"":""project-user""},{""resourceType"":""AWS::IAM::Policy"",""resourceName"":""arn:aws:iam::aws:policy/AmazonS3ReadOnlyAccess""}]",AwsApiCall,Management,5,Outside-Hours,True,False,False,False,7,Medium,3
root,2026-04-03 05:05:36+00:00,AttachUserPolicy,99.237.32.xxx,,"[{""resourceType"":""AWS::IAM::User"",""resourceName"":""project-user""},{""resourceType"":""AWS::IAM::Policy"",""resourceName"":""arn:aws:iam::aws:policy/IAMReadOnlyAccess""}]",AwsApiCall,Management,5,Outside-Hours,True,True,False,False,14,Critical,1
root,2026-04-03 05:04:19+00:00,ConsoleLogin,99.237.32.xxx,,[],AwsConsoleSignIn,Management,5,Outside-Hours,True,False,True,False,7,Medium,3
root,2026-04-02 22:07:50+00:00,ConsoleLogin,99.237.32.xxx,,[],AwsConsoleSignIn,Management,22,Outside-Hours,True,False,True,False,7,Medium,3
soc-admin,2026-03-31 14:32:33+00:00,SendMessage,208.98.222.xxx,AccessDenied,[],AwsApiCall,Management,14,Afternoon,False,False,False,True,4,Low,4
soc-admin,2026-03-31 13:59:06+00:00,ConsoleLogin,208.98.222.xxx,,[],AwsConsoleSignIn,Management,13,Afternoon,False,False,True,False,0,Low,4
root,2026-03-31 03:58:53+00:00,StopInstances,99.237.32.xxx,,"[{""resourceType"":""AWS::EC2::Instance"",""resourceName"":""i-xxxxxxxx""}]",AwsApiCall,Management,3,Outside-Hours,True,True,False,False,14,Critical,1
root,2026-03-31 03:52:13+00:00,StartInstances,99.237.32.xxx,,"[{""resourceType"":""AWS::EC2::Instance"",""resourceName"":""i-xxxxxxxx""}]",AwsApiCall,Management,3,Outside-Hours,True,True,False,False,14,Critical,1
root,2026-03-31 03:51:56+00:00,ConsoleLogin,99.237.32.xxx,,[],AwsConsoleSignIn,Management,3,Outside-Hours,True,False,True,False,7,Medium,3
root,2026-03-30 16:02:06+00:00,ConsoleLogin,72.143.202.xxx,,[],AwsConsoleSignIn,Management,16,Afternoon,True,False,True,False,5,Medium,3
root,2026-03-30 16:01:40+00:00,ConsoleLogin,72.143.202.xxx,,[],AwsConsoleSignIn,Management,16,Afternoon,True,False,True,False,5,Medium,3
root,2026-03-30 16:01:09+00:00,ConsoleLogin,72.143.202.xxx,,[],AwsConsoleSignIn,Management,16,Afternoon,True,False,True,False,5,Medium,3
root,2026-03-30 15:31:01+00:00,ConsoleLogin,168.245.203.xxx,,[],AwsConsoleSignIn,Management,15,Afternoon,True,False,True,False,5,Medium,3
root,2026-03-30 14:41:59+00:00,ConsoleLogin,72.136.118.xxx,,[],AwsConsoleSignIn,Management,14,Afternoon,True,False,True,False,5,Medium,3
root,2026-03-30 06:35:29+00:00,StopInstances,99.237.32.xxx,,"[{""resourceType"":""AWS::EC2::Instance"",""resourceName"":""i-xxxxxxxx""}]",AwsApiCall,Management,6,Morning,True,True,False,False,12,High,2
root,2026-03-30 06:32:01+00:00,PutMetricAlarm,99.237.32.xxx,,"[{""resourceType"":""AWS::CloudWatch::Alarm"",""resourceName"":""S3-Data-Exfiltration-Alert""}]",AwsApiCall,Management,6,Morning,True,False,False,False,5,Medium,3
root,2026-03-30 06:25:32+00:00,PutMetricAlarm,99.237.32.xxx,,"[{""resourceType"":""AWS::CloudWatch::Alarm"",""resourceName"":""S3-Data-Exfiltration-Alert""}]",AwsApiCall,Management,6,Morning,True,False,False,False,5,Medium,3
root,2026-03-30 06:10:45+00:00,PutMetricFilter,99.237.32.xxx,,[],AwsApiCall,Management,6,Morning,True,False,False,False,5,Medium,3
root,2026-03-30 04:15:42+00:00,CreateAccessKey,99.237.32.xxx,,"[{""resourceType"":""AWS::IAM::AccessKey"",""resourceName"":""AKIAxxxxxxxxxxxxxxxx""},{""resourceType"":""AWS::IAM::User"",""resourceName"":""project-user""}]",AwsApiCall,Management,4,Outside-Hours,True,True,False,False,14,Critical,1
root,2026-03-30 03:45:24+00:00,ConsoleLogin,99.237.32.xxx,,[],AwsConsoleSignIn,Management,3,Outside-Hours,True,False,True,False,7,Medium,3
root,2026-03-30 03:40:16+00:00,PutEventSelectors,99.237.32.xxx,,"[{""resourceType"":""AWS::CloudTrail::Trail"",""resourceName"":""arn:aws:cloudtrail:us-east-1:xxxxxxxxxxxx:trail/SOC-cloudtrail""}]",AwsApiCall,Management,3,Outside-Hours,True,False,False,False,7,Medium,3
root,2026-03-30 03:34:08+00:00,ConsoleLogin,99.237.32.xxx,,[],AwsConsoleSignIn,Management,3,Outside-Hours,True,False,True,False,7,Medium,3
root,2026-03-30 03:26:28+00:00,ConsoleLogin,99.237.32.xxx,,[],AwsConsoleSignIn,Management,3,Outside-Hours,True,False,True,False,7,Medium,3
root,2026-03-30 03:24:12+00:00,PutEventSelectors,99.237.32.xxx,,"[{""resourceType"":""AWS::CloudTrail::Trail"",""resourceName"":""arn:aws:cloudtrail:us-east-1:xxxxxxxxxxxx:trail/SOC-cloudtrail""}]",AwsApiCall,Management,3,Outside-Hours,True,False,False,False,7,Medium,3
root,2026-03-30 03:01:20+00:00,ConsoleLogin,99.237.32.xxx,,[],AwsConsoleSignIn,Management,3,Outside-Hours,True,False,True,False,7,Medium,3
root,2026-03-30 02:47:13+00:00,ConsoleLogin,99.237.32.xxx,,[],AwsConsoleSignIn,Management,2,Outside-Hours,True,False,True,False,7,Medium,3
root,2026-03-30 02:06:15+00:00,ConsoleLogin,99.237.32.xxx,,[],AwsConsoleSignIn,Management,2,Outside-Hours,True,False,True,False,7,Medium,3
root,2026-03-30 01:29:50+00:00,CreateBucket,99.237.32.xxx,,"[{""resourceType"":""AWS::S3::Bucket"",""resourceName"":""soc-sensitive-data""}]",AwsApiCall,Management,1,Outside-Hours,True,False,False,False,7,Medium,3
root,2026-03-30 01:29:50+00:00,PutBucketEncryption,99.237.32.xxx,,"[{""resourceType"":""AWS::S3::Bucket"",""resourceName"":""soc-sensitive-data""}]",AwsApiCall,Management,1,Outside-Hours,True,False,False,False,7,Medium,3
root,2026-03-30 01:17:37+00:00,ConsoleLogin,99.237.32.xxx,,[],AwsConsoleSignIn,Management,1,Outside-Hours,True,False,True,False,7,Medium,3
project-user,2026-03-30 01:15:40+00:00,PutMetricAlarm,99.237.32.xxx,AccessDenied,[],AwsApiCall,Management,1,Outside-Hours,False,False,False,True,6,Medium,3
root,2026-03-30 01:08:23+00:00,AttachUserPolicy,99.237.32.xxx,,"[{""resourceType"":""AWS::IAM::User"",""resourceName"":""project-user""},{""resourceType"":""AWS::IAM::Policy"",""resourceName"":""arn:aws:iam::aws:policy/CloudWatchReadOnlyAccess""}]",AwsApiCall,Management,1,Outside-Hours,True,True,False,False,14,Critical,1
root,2026-03-30 01:08:23+00:00,AttachUserPolicy,99.237.32.xxx,,"[{""resourceType"":""AWS::IAM::User"",""resourceName"":""project-user""},{""resourceType"":""AWS::IAM::Policy"",""resourceName"":""arn:aws:iam::aws:policy/AWSCloudTrail_ReadOnlyAccess""}]",AwsApiCall,Management,1,Outside-Hours,True,True,False,False,14,Critical,1
root,2026-03-30 01:08:23+00:00,AttachUserPolicy,99.237.32.xxx,,"[{""resourceType"":""AWS::IAM::User"",""resourceName"":""project-user""},{""resourceType"":""AWS::IAM::Policy"",""resourceName"":""arn:aws:iam::aws:policy/AmazonS3ReadOnlyAccess""}]",AwsApiCall,Management,1,Outside-Hours,True,True,False,False,14,Critical,1
root,2026-03-30 01:08:23+00:00,AttachUserPolicy,99.237.32.xxx,,"[{""resourceType"":""AWS::IAM::User"",""resourceName"":""project-user""},{""resourceType"":""AWS::IAM::Policy"",""resourceName"":""arn:aws:iam::aws:policy/AmazonEC2ReadOnlyAccess""}]",AwsApiCall,Management,1,Outside-Hours,True,True,False,False,14,Critical,1
root,2026-03-30 00:48:00+00:00,DetachUserPolicy,99.237.32.xxx,,"[{""resourceType"":""AWS::IAM::User"",""resourceName"":""project-user""},{""resourceType"":""AWS::IAM::Policy"",""resourceName"":""arn:aws:iam::aws:policy/AmazonEC2ReadOnlyAccess""}]",AwsApiCall,Management,0,Outside-Hours,True,False,False,False,7,Medium,3
root,2026-03-30 00:47:42+00:00,DetachUserPolicy,99.237.32.xxx,,"[{""resourceType"":""AWS::IAM::User"",""resourceName"":""project-user""},{""resourceType"":""AWS::IAM::Policy"",""resourceName"":""arn:aws:iam::aws:policy/AdministratorAccess""}]",AwsApiCall,Management,0,Outside-Hours,True,False,False,False,7,Medium,3
root,2026-03-29 18:41:05+00:00,PutMetricAlarm,99.237.32.xxx,,"[{""resourceType"":""AWS::CloudWatch::Alarm"",""resourceName"":""OpenSSHExposure-Alarm""}]",AwsApiCall,Management,18,Night,True,False,False,False,5,Medium,3
root,2026-03-29 18:29:12+00:00,PutMetricAlarm,99.237.32.xxx,,"[{""resourceType"":""AWS::CloudWatch::Alarm"",""resourceName"":""OpenSSHExposure-Alarm""}]",AwsApiCall,Management,18,Night,True,False,False,False,5,Medium,3
root,2026-03-29 18:24:10+00:00,PutMetricFilter,99.237.32.xxx,,[],AwsApiCall,Management,18,Night,True,False,False,False,5,Medium,3
root,2026-03-29 18:04:16+00:00,PutMetricAlarm,99.237.32.xxx,,"[{""resourceType"":""AWS::CloudWatch::Alarm"",""resourceName"":""OpenSSHExposure-Alarm""}]",AwsApiCall,Management,18,Night,True,False,False,False,5,Medium,3
root,2026-03-29 17:58:24+00:00,StartInstances,99.237.32.xxx,,"[{""resourceType"":""AWS::EC2::Instance"",""resourceName"":""i-xxxxxxxx""}]",AwsApiCall,Management,17,Night,True,True,False,False,12,High,2
root,2026-03-29 17:56:09+00:00,PutMetricFilter,99.237.32.xxx,,[],AwsApiCall,Management,17,Night,True,False,False,False,5,Medium,3
root,2026-03-29 16:29:38+00:00,ConsoleLogin,99.237.32.xxx,,[],AwsConsoleSignIn,Management,16,Afternoon,True,False,True,False,5,Medium,3
root,2026-03-29 06:47:18+00:00,StopInstances,99.237.32.xxx,,"[{""resourceType"":""AWS::EC2::Instance"",""resourceName"":""i-xxxxxxxx""}]",AwsApiCall,Management,6,Morning,True,True,False,False,12,High,2
root,2026-03-29 06:32:37+00:00,PutMetricAlarm,99.237.32.xxx,,"[{""resourceType"":""AWS::CloudWatch::Alarm"",""resourceName"":""SSHBruteForceAlarm""}]",AwsApiCall,Management,6,Morning,True,False,False,False,5,Medium,3
root,2026-03-29 06:05:11+00:00,AuthorizeSecurityGroupIngress,99.237.32.xxx,,"[{""resourceType"":""AWS::EC2::SecurityGroup"",""resourceName"":""sg-xxxxxxxx""}]",AwsApiCall,Management,6,Morning,True,True,False,False,12,High,2
root,2026-03-29 05:56:11+00:00,StartInstances,99.237.32.xxx,,"[{""resourceType"":""AWS::EC2::Instance"",""resourceName"":""i-xxxxxxxx""}]",AwsApiCall,Management,5,Outside-Hours,True,True,False,False,14,Critical,1
root,2026-03-29 02:49:04+00:00,AttachUserPolicy,99.237.32.xxx,,"[{""resourceType"":""AWS::IAM::User"",""resourceName"":""project-user""},{""resourceType"":""AWS::IAM::Policy"",""resourceName"":""arn:aws:iam::aws:policy/AdministratorAccess""}]",AwsApiCall,Management,2,Outside-Hours,True,True,False,False,14,Critical,1
root,2026-03-29 02:44:08+00:00,ConsoleLogin,99.237.32.xxx,,[],AwsConsoleSignIn,Management,2,Outside-Hours,True,False,True,False,7,Medium,3
root,2026-03-29 02:39:19+00:00,DetachUserPolicy,99.237.32.xxx,,"[{""resourceType"":""AWS::IAM::User"",""resourceName"":""project-user""},{""resourceType"":""AWS::IAM::Policy"",""resourceName"":""arn:aws:iam::aws:policy/AdministratorAccess""}]",AwsApiCall,Management,2,Outside-Hours,True,False,False,False,7,Medium,3
root,2026-03-29 02:38:37+00:00,PutMetricAlarm,99.237.32.xxx,,"[{""resourceType"":""AWS::CloudWatch::Alarm"",""resourceName"":""SuspiciousIAMActivityAlarm""}]",AwsApiCall,Management,2,Outside-Hours,True,False,False,False,7,Medium,3
root,2026-03-29 02:36:34+00:00,PutMetricFilter,99.237.32.xxx,,[],AwsApiCall,Management,2,Outside-Hours,True,False,False,False,7,Medium,3
root,2026-03-29 02:14:25+00:00,AttachUserPolicy,99.237.32.xxx,,"[{""resourceType"":""AWS::IAM::User"",""resourceName"":""project-user""},{""resourceType"":""AWS::IAM::Policy"",""resourceName"":""arn:aws:iam::aws:policy/AdministratorAccess""}]",AwsApiCall,Management,2,Outside-Hours,True,True,False,False,14,Critical,1
root,2026-03-29 02:14:02+00:00,DetachUserPolicy,99.237.32.xxx,,"[{""resourceType"":""AWS::IAM::User"",""resourceName"":""project-user""},{""resourceType"":""AWS::IAM::Policy"",""resourceName"":""arn:aws:iam::aws:policy/AdministratorAccess""}]",AwsApiCall,Management,2,Outside-Hours,True,False,False,False,7,Medium,3
root,2026-03-29 02:03:08+00:00,ConsoleLogin,99.237.32.xxx,,[],AwsConsoleSignIn,Management,2,Outside-Hours,True,False,True,False,7,Medium,3
project-user,2026-03-29 02:01:34+00:00,StopInstances,99.237.32.xxx,,"[{""resourceType"":""AWS::EC2::Instance"",""resourceName"":""i-xxxxxxxx""}]",AwsApiCall,Management,2,Outside-Hours,False,True,False,False,9,Medium,3
project-user,2026-03-29 02:00:30+00:00,StartInstances,99.237.32.xxx,,"[{""resourceType"":""AWS::EC2::Instance"",""resourceName"":""i-xxxxxxxx""}]",AwsApiCall,Management,2,Outside-Hours,False,True,False,False,9,Medium,3
project-user,2026-03-29 02:00:11+00:00,StopInstances,99.237.32.xxx,,"[{""resourceType"":""AWS::EC2::Instance"",""resourceName"":""i-xxxxxxxx""}]",AwsApiCall,Management,2,Outside-Hours,False,True,False,False,9,Medium,3
project-user,2026-03-29 01:59:55+00:00,StartInstances,99.237.32.xxx,,"[{""resourceType"":""AWS::EC2::Instance"",""resourceName"":""i-xxxxxxxx""}]",AwsApiCall,Management,1,Outside-Hours,False,True,False,False,9,Medium,3
root,2026-03-29 01:57:20+00:00,AttachUserPolicy,99.237.32.xxx,,"[{""resourceType"":""AWS::IAM::User"",""resourceName"":""project-user""},{""resourceType"":""AWS::IAM::Policy"",""resourceName"":""arn:aws:iam::aws:policy/AdministratorAccess""}]",AwsApiCall,Management,1,Outside-Hours,True,True,False,False,14,Critical,1
root,2026-03-29 01:51:05+00:00,CreatePolicyVersion,99.237.32.xxx,,"[{""resourceType"":""AWS::IAM::Policy"",""resourceName"":""arn:aws:iam::xxxxxxxxxxxx:policy/IAM-Attach-Policy-Test""}]",AwsApiCall,Management,1,Outside-Hours,True,False,False,False,7,Medium,3
root,2026-03-29 01:50:16+00:00,ConsoleLogin,99.237.32.xxx,,[],AwsConsoleSignIn,Management,1,Outside-Hours,True,False,True,False,7,Medium,3
project-user,2026-03-29 01:48:51+00:00,StartInstances,99.237.32.xxx,Client.UnauthorizedOperation,"[{""resourceType"":""AWS::EC2::Instance"",""resourceName"":""i-xxxxxxxx""}]",AwsApiCall,Management,1,Outside-Hours,False,True,False,True,13,High,2
root,2026-03-29 01:46:37+00:00,CreatePolicyVersion,99.237.32.xxx,,"[{""resourceType"":""AWS::IAM::Policy"",""resourceName"":""arn:aws:iam::xxxxxxxxxxxx:policy/IAM-Attach-Policy-Test""}]",AwsApiCall,Management,1,Outside-Hours,True,False,False,False,7,Medium,3
root,2026-03-29 01:32:08+00:00,ConsoleLogin,99.237.32.xxx,,[],AwsConsoleSignIn,Management,1,Outside-Hours,True,False,True,False,7,Medium,3
root,2026-03-29 00:52:40+00:00,PutMetricAlarm,99.237.32.xxx,,"[{""resourceType"":""AWS::CloudWatch::Alarm"",""resourceName"":""SuspiciousIAMActivityAlarm""}]",AwsApiCall,Management,0,Outside-Hours,True,False,False,False,7,Medium,3
root,2026-03-29 00:50:44+00:00,PutMetricAlarm,99.237.32.xxx,,"[{""resourceType"":""AWS::CloudWatch::Alarm"",""resourceName"":""SuspiciousIAMActivityAlarm""}]",AwsApiCall,Management,0,Outside-Hours,True,False,False,False,7,Medium,3
root,2026-03-29 00:42:57+00:00,PutMetricFilter,99.237.32.xxx,,[],AwsApiCall,Management,0,Outside-Hours,True,False,False,False,7,Medium,3
CLOUDWATCH_LOGS_DELIVERY_SESSION,2026-03-28 23:47:15+00:00,CreateLogStream,cloudtrail.amazonaws.com,,[],AwsApiCall,Management,23,Outside-Hours,False,False,False,False,2,Low,4
CLOUDWATCH_LOGS_DELIVERY_SESSION,2026-03-28 23:43:30+00:00,CreateLogStream,cloudtrail.amazonaws.com,,[],AwsApiCall,Management,23,Outside-Hours,False,False,False,False,2,Low,4
CLOUDWATCH_LOGS_DELIVERY_SESSION,2026-03-28 23:40:30+00:00,CreateLogStream,cloudtrail.amazonaws.com,,[],AwsApiCall,Management,23,Outside-Hours,False,False,False,False,2,Low,4
CloudTrail,2026-03-28 23:36:11+00:00,CreateLogStream,cloudtrail.amazonaws.com,,[],AwsApiCall,Management,23,Outside-Hours,False,False,False,False,2,Low,4
root,2026-03-28 23:36:11+00:00,UpdateTrail,99.237.32.xxx,,"[{""resourceType"":""AWS::CloudTrail::Trail"",""resourceName"":""SOC-cloudtrail""},{""resourceType"":""AWS::CloudTrail::Trail"",""resourceName"":""arn:aws:cloudtrail:us-east-1:xxxxxxxxxxxx:trail/SOC-cloudtrail""},{""resourceType"":""AWS::S3::Bucket"",""resourceName"":""aws-cloudtrail-logs-xxxxxxxxxxxx-525036df""},{""resourceType"":""AWS::IAM::Role"",""resourceName"":""arn:aws:iam::xxxxxxxxxxxx:role/service-role/CloudTrail-Logs-Role""},{""resourceType"":""AWS::Logs::LogGroup"",""resourceName"":""arn:aws:logs:us-east-1:xxxxxxxxxxxx:log-group:CloudTrail-Logs:*""}]",AwsApiCall,Management,23,Outside-Hours,True,False,False,False,7,Medium,3
root,2026-03-28 23:36:09+00:00,UpdateTrail,99.237.32.xxx,InvalidCloudWatchLogsRoleArnException,"[{""resourceType"":""AWS::CloudTrail::Trail"",""resourceName"":""arn:aws:cloudtrail:us-east-1:xxxxxxxxxxxx:trail/SOC-cloudtrail""},{""resourceType"":""AWS::IAM::Role"",""resourceName"":""arn:aws:iam::xxxxxxxxxxxx:role/service-role/CloudTrail-Logs-Role""},{""resourceType"":""AWS::Logs::LogGroup"",""resourceName"":""arn:aws:logs:us-east-1:xxxxxxxxxxxx:log-group:CloudTrail-Logs:*""}]",AwsApiCall,Management,23,Outside-Hours,True,False,False,False,7,Medium,3
root,2026-03-28 23:36:07+00:00,UpdateTrail,99.237.32.xxx,InvalidCloudWatchLogsRoleArnException,"[{""resourceType"":""AWS::CloudTrail::Trail"",""resourceName"":""arn:aws:cloudtrail:us-east-1:xxxxxxxxxxxx:trail/SOC-cloudtrail""},{""resourceType"":""AWS::IAM::Role"",""resourceName"":""arn:aws:iam::xxxxxxxxxxxx:role/service-role/CloudTrail-Logs-Role""},{""resourceType"":""AWS::Logs::LogGroup"",""resourceName"":""arn:aws:logs:us-east-1:xxxxxxxxxxxx:log-group:CloudTrail-Logs:*""}]",AwsApiCall,Management,23,Outside-Hours,True,False,False,False,7,Medium,3
root,2026-03-28 23:36:06+00:00,UpdateTrail,99.237.32.xxx,InvalidCloudWatchLogsRoleArnException,"[{""resourceType"":""AWS::CloudTrail::Trail"",""resourceName"":""arn:aws:cloudtrail:us-east-1:xxxxxxxxxxxx:trail/SOC-cloudtrail""},{""resourceType"":""AWS::IAM::Role"",""resourceName"":""arn:aws:iam::xxxxxxxxxxxx:role/service-role/CloudTrail-Logs-Role""},{""resourceType"":""AWS::Logs::LogGroup"",""resourceName"":""arn:aws:logs:us-east-1:xxxxxxxxxxxx:log-group:CloudTrail-Logs:*""}]",AwsApiCall,Management,23,Outside-Hours,True,False,False,False,7,Medium,3
root,2026-03-28 23:36:05+00:00,UpdateTrail,99.237.32.xxx,InvalidCloudWatchLogsRoleArnException,"[{""resourceType"":""AWS::CloudTrail::Trail"",""resourceName"":""arn:aws:cloudtrail:us-east-1:xxxxxxxxxxxx:trail/SOC-cloudtrail""},{""resourceType"":""AWS::IAM::Role"",""resourceName"":""arn:aws:iam::xxxxxxxxxxxx:role/service-role/CloudTrail-Logs-Role""},{""resourceType"":""AWS::Logs::LogGroup"",""resourceName"":""arn:aws:logs:us-east-1:xxxxxxxxxxxx:log-group:CloudTrail-Logs:*""}]",AwsApiCall,Management,23,Outside-Hours,True,False,False,False,7,Medium,3
root,2026-03-28 23:36:03+00:00,UpdateTrail,99.237.32.xxx,InvalidCloudWatchLogsRoleArnException,"[{""resourceType"":""AWS::CloudTrail::Trail"",""resourceName"":""arn:aws:cloudtrail:us-east-1:xxxxxxxxxxxx:trail/SOC-cloudtrail""},{""resourceType"":""AWS::IAM::Role"",""resourceName"":""arn:aws:iam::xxxxxxxxxxxx:role/service-role/CloudTrail-Logs-Role""},{""resourceType"":""AWS::Logs::LogGroup"",""resourceName"":""arn:aws:logs:us-east-1:xxxxxxxxxxxx:log-group:CloudTrail-Logs:*""}]",AwsApiCall,Management,23,Outside-Hours,True,False,False,False,7,Medium,3
root,2026-03-28 23:36:02+00:00,UpdateTrail,99.237.32.xxx,InvalidCloudWatchLogsRoleArnException,"[{""resourceType"":""AWS::CloudTrail::Trail"",""resourceName"":""arn:aws:cloudtrail:us-east-1:xxxxxxxxxxxx:trail/SOC-cloudtrail""},{""resourceType"":""AWS::IAM::Role"",""resourceName"":""arn:aws:iam::xxxxxxxxxxxx:role/service-role/CloudTrail-Logs-Role""},{""resourceType"":""AWS::Logs::LogGroup"",""resourceName"":""arn:aws:logs:us-east-1:xxxxxxxxxxxx:log-group:CloudTrail-Logs:*""}]",AwsApiCall,Management,23,Outside-Hours,True,False,False,False,7,Medium,3
root,2026-03-28 23:36:01+00:00,CreateRole,99.237.32.xxx,,"[{""resourceType"":""AWS::IAM::Role"",""resourceName"":""AROA3ARNFVNIWPM2ABV4H""},{""resourceType"":""AWS::IAM::Role"",""resourceName"":""CloudTrail-Logs-Role""},{""resourceType"":""AWS::IAM::Role"",""resourceName"":""arn:aws:iam::xxxxxxxxxxxx:role/service-role/CloudTrail-Logs-Role""}]",AwsApiCall,Management,23,Outside-Hours,True,False,False,False,7,Medium,3
root,2026-03-28 23:36:01+00:00,CreateLogGroup,99.237.32.xxx,,[],AwsApiCall,Management,23,Outside-Hours,True,False,False,False,7,Medium,3
root,2026-03-28 23:36:01+00:00,CreatePolicy,99.237.32.xxx,,"[{""resourceType"":""AWS::IAM::Policy"",""resourceName"":""Cloudtrail-CW-access-policy-SOC-cloudtrail-860182b1-3648-42b0-a780-6c31786226bb""},{""resourceType"":""AWS::IAM::Policy"",""resourceName"":""ANPA3ARNFVNIR6PKYGG54""},{""resourceType"":""AWS::IAM::Policy"",""resourceName"":""arn:aws:iam::xxxxxxxxxxxx:policy/service-role/Cloudtrail-CW-access-policy-SOC-cloudtrail-860182b1-3648-42b0-a780-6c31786226bb""}]",AwsApiCall,Management,23,Outside-Hours,True,False,False,False,7,Medium,3
root,2026-03-28 23:36:01+00:00,AttachRolePolicy,99.237.32.xxx,,"[{""resourceType"":""AWS::IAM::Policy"",""resourceName"":""arn:aws:iam::xxxxxxxxxxxx:policy/service-role/Cloudtrail-CW-access-policy-SOC-cloudtrail-860182b1-3648-42b0-a780-6c31786226bb""},{""resourceType"":""AWS::IAM::Role"",""resourceName"":""CloudTrail-Logs-Role""}]",AwsApiCall,Management,23,Outside-Hours,True,False,False,False,7,Medium,3
root,2026-03-28 23:21:25+00:00,ConsoleLogin,99.237.32.xxx,,[],AwsConsoleSignIn,Management,23,Outside-Hours,True,False,True,False,7,Medium,3
project-user,2026-03-28 23:18:12+00:00,DetachUserPolicy,99.237.32.xxx,,"[{""resourceType"":""AWS::IAM::User"",""resourceName"":""project-user""},{""resourceType"":""AWS::IAM::Policy"",""resourceName"":""arn:aws:iam::aws:policy/AdministratorAccess""}]",AwsApiCall,Management,23,Outside-Hours,False,False,False,False,2,Low,4
root,2026-03-28 22:16:09+00:00,ConsoleLogin,99.237.32.xxx,,[],AwsConsoleSignIn,Management,22,Outside-Hours,True,False,True,False,7,Medium,3
root,2026-03-28 07:10:51+00:00,StopInstances,99.237.32.xxx,,"[{""resourceType"":""AWS::EC2::Instance"",""resourceName"":""i-xxxxxxxx""}]",AwsApiCall,Management,7,Morning,True,True,False,False,12,High,2
root,2026-03-28 07:10:40+00:00,StopInstances,99.237.32.xxx,,"[{""resourceType"":""AWS::EC2::Instance"",""resourceName"":""i-xxxxxxxx""}]",AwsApiCall,Management,7,Morning,True,True,False,False,12,High,2
root,2026-03-28 04:11:00+00:00,PutMetricAlarm,99.237.32.xxx,,"[{""resourceType"":""AWS::CloudWatch::Alarm"",""resourceName"":""SYNFloodAlarm""}]",AwsApiCall,Management,4,Outside-Hours,True,False,False,False,7,Medium,3
root,2026-03-28 03:57:41+00:00,PutMetricAlarm,99.237.32.xxx,,"[{""resourceType"":""AWS::CloudWatch::Alarm"",""resourceName"":""SYNFloodAlarm""}]",AwsApiCall,Management,3,Outside-Hours,True,False,False,False,7,Medium,3
root,2026-03-28 03:54:13+00:00,PutMetricAlarm,99.237.32.xxx,,"[{""resourceType"":""AWS::CloudWatch::Alarm"",""resourceName"":""SYNFloodAlarm""}]",AwsApiCall,Management,3,Outside-Hours,True,False,False,False,7,Medium,3
root,2026-03-28 03:50:37+00:00,PutMetricAlarm,99.237.32.xxx,,"[{""resourceType"":""AWS::CloudWatch::Alarm"",""resourceName"":""SYNFloodAlarm""}]",AwsApiCall,Management,3,Outside-Hours,True,False,False,False,7,Medium,3
root,2026-03-28 03:44:49+00:00,PutMetricAlarm,99.237.32.xxx,,"[{""resourceType"":""AWS::CloudWatch::Alarm"",""resourceName"":""SYNFloodAlarm""}]",AwsApiCall,Management,3,Outside-Hours,True,False,False,False,7,Medium,3
root,2026-03-28 03:42:31+00:00,PutMetricAlarm,99.237.32.xxx,,"[{""resourceType"":""AWS::CloudWatch::Alarm"",""resourceName"":""SYNFloodAlarm""}]",AwsApiCall,Management,3,Outside-Hours,True,False,False,False,7,Medium,3
root,2026-03-28 03:16:27+00:00,PutMetricFilter,99.237.32.xxx,,[],AwsApiCall,Management,3,Outside-Hours,True,False,False,False,7,Medium,3
root,2026-03-28 00:44:08+00:00,StartInstances,99.237.32.xxx,,"[{""resourceType"":""AWS::EC2::Instance"",""resourceName"":""i-xxxxxxxx""}]",AwsApiCall,Management,0,Outside-Hours,True,True,False,False,14,Critical,1
root,2026-03-28 00:43:58+00:00,StartInstances,99.237.32.xxx,,"[{""resourceType"":""AWS::EC2::Instance"",""resourceName"":""i-xxxxxxxx""}]",AwsApiCall,Management,0,Outside-Hours,True,True,False,False,14,Critical,1
root,2026-03-28 00:19:20+00:00,ConsoleLogin,99.237.32.xxx,,[],AwsConsoleSignIn,Management,0,Outside-Hours,True,False,True,False,7,Medium,3
root,2026-03-25 01:52:39+00:00,ConsoleLogin,99.237.32.xxx,,[],AwsConsoleSignIn,Management,1,Outside-Hours,True,False,True,False,7,Medium,3
root,2026-03-24 13:45:39+00:00,ConsoleLogin,72.136.120.xxx,,[],AwsConsoleSignIn,Management,13,Afternoon,True,False,True,False,5,Medium,3
root,2026-03-24 13:45:09+00:00,ConsoleLogin,72.136.120.xxx,,[],AwsConsoleSignIn,Management,13,Afternoon,True,False,True,False,5,Medium,3
root,2026-03-24 05:52:11+00:00,StopInstances,99.237.32.xxx,,"[{""resourceType"":""AWS::EC2::Instance"",""resourceName"":""i-xxxxxxxx""}]",AwsApiCall,Management,5,Outside-Hours,True,True,False,False,14,Critical,1
root,2026-03-24 05:51:59+00:00,StopInstances,99.237.32.xxx,,"[{""resourceType"":""AWS::EC2::Instance"",""resourceName"":""i-xxxxxxxx""}]",AwsApiCall,Management,5,Outside-Hours,True,True,False,False,14,Critical,1
root,2026-03-24 04:28:41+00:00,PutMetricAlarm,99.237.32.xxx,,"[{""resourceType"":""AWS::CloudWatch::Alarm"",""resourceName"":""SSHBruteForceAlarm""}]",AwsApiCall,Management,4,Outside-Hours,True,False,False,False,7,Medium,3
root,2026-03-24 04:22:13+00:00,PutMetricAlarm,99.237.32.xxx,,"[{""resourceType"":""AWS::CloudWatch::Alarm"",""resourceName"":""SSHBruteForceAlarm""}]",AwsApiCall,Management,4,Outside-Hours,True,False,False,False,7,Medium,3
root,2026-03-24 04:18:03+00:00,PutMetricFilter,99.237.32.xxx,,[],AwsApiCall,Management,4,Outside-Hours,True,False,False,False,7,Medium,3
root,2026-03-24 04:01:21+00:00,PutMetricFilter,99.237.32.xxx,,[],AwsApiCall,Management,4,Outside-Hours,True,False,False,False,7,Medium,3
ec2-instance,2026-03-24 03:55:28+00:00,CreateLogStream,44.200.44.xxx,ResourceNotFoundException,[],AwsApiCall,Management,3,Outside-Hours,False,False,False,False,2,Low,4
ec2-instance,2026-03-24 03:55:28+00:00,CreateLogStream,44.200.44.xxx,,[],AwsApiCall,Management,3,Outside-Hours,False,False,False,False,2,Low,4
ec2-instance,2026-03-24 03:55:28+00:00,CreateLogGroup,44.200.44.xxx,,[],AwsApiCall,Management,3,Outside-Hours,False,False,False,False,2,Low,4
root,2026-03-24 03:55:04+00:00,AttachRolePolicy,99.237.32.xxx,,"[{""resourceType"":""AWS::IAM::Policy"",""resourceName"":""arn:aws:iam::aws:policy/CloudWatchAgentServerPolicy""},{""resourceType"":""AWS::IAM::Role"",""resourceName"":""EC2-SSM-Role""}]",AwsApiCall,Management,3,Outside-Hours,True,False,False,False,7,Medium,3
root,2026-03-23 23:41:00+00:00,PutMetricFilter,99.237.32.xxx,,[],AwsApiCall,Management,23,Outside-Hours,True,False,False,False,7,Medium,3
root,2026-03-23 23:32:44+00:00,PutMetricAlarm,99.237.32.xxx,,"[{""resourceType"":""AWS::CloudWatch::Alarm"",""resourceName"":""PortScanTCPRejectedAlarm""}]",AwsApiCall,Management,23,Outside-Hours,True,False,False,False,7,Medium,3
root,2026-03-23 22:35:52+00:00,AuthorizeSecurityGroupIngress,99.237.32.xxx,,"[{""resourceType"":""AWS::EC2::SecurityGroup"",""resourceName"":""sg-xxxxxxxx""}]",AwsApiCall,Management,22,Outside-Hours,True,True,False,False,14,Critical,1
root,2026-03-23 22:26:37+00:00,StartInstances,99.237.32.xxx,,"[{""resourceType"":""AWS::EC2::Instance"",""resourceName"":""i-xxxxxxxx""}]",AwsApiCall,Management,22,Outside-Hours,True,True,False,False,14,Critical,1
root,2026-03-23 22:26:21+00:00,StartInstances,99.237.32.xxx,,"[{""resourceType"":""AWS::EC2::Instance"",""resourceName"":""i-xxxxxxxx""}]",AwsApiCall,Management,22,Outside-Hours,True,True,False,False,14,Critical,1
root,2026-03-23 22:23:37+00:00,ConsoleLogin,99.237.32.xxx,,[],AwsConsoleSignIn,Management,22,Outside-Hours,True,False,True,False,7,Medium,3
